"patch","area_m2","longitude","latitude"
1,154582,658231.575566987,5212772.94637075
4,28,658570.489645714,5213155.50752615
5,9,658577.490158441,5213156.72179315
8,12,658519.48591013,5213143.22200128
10,9,658602.49198961,5213137.72208608
16,15,658704.09943148,5213131.32218475
18,9,658507.485031169,5213129.72220942
20,9,658595.491476883,5213125.72227109
23,9,658575.490011948,5213109.72251777
25,22,658574.535396576,5213102.17717955
26,9,658608.492429091,5213103.72261027
32,16,658595.991513507,5213065.72319614
35,54,658473.556620279,5213055.51964975
37,25,658619.533237735,5213054.48336943
40,9,658484.483346494,5213049.72344282
41,16,658495.984188831,5213048.22346594
42,32,658504.76608203,5213046.37974437
46,37,658496.132848368,5213036.0750046
47,9,658774.504588052,5213035.72365866
50,9,658798.506345974,5213025.72381284
53,84,658823.639139116,5213011.47403254
56,9,658510.485250909,5213003.72415202
57,12,658447.980672987,5212998.72422911
58,24,658506.109930454,5212997.34925031
61,252,658827.274325996,5212983.15304061
66,913,658853.135757841,5212965.78716847
67,1563464,658671.166506546,5211479.32507334
77,18,658410.811283983,5212957.72486123
80,263,658466.748207243,5212941.93803238
83,51,658862.0992389,5212952.62690061
84,9,658869.511546494,5212954.72490748
86,9,658475.482687273,5212949.72498457
87,21,658869.511546494,5212946.72503082
89,37,658811.777588249,5212936.37383906
91,34,658457.246057479,5212922.66657822
92,1875,658834.19802675,5212906.83391251
93,22,658446.935141865,5212917.63457024
96,9,658430.479391169,5212913.7255396
99,635,658427.778405944,5212896.51163177
102,21,658425.52664747,5212908.15419692
106,15,658509.485177662,5212896.72580169
108,9,658790.50576,5212896.72580169
109,760,658795.274530324,5212887.25752662
111,12,658376.975472467,5212894.72583253
114,58,658862.252394133,5212882.95015202
115,9,658504.484811428,5212885.72597129
118,9,658397.476974026,5212883.72600212
119,9,658722.500779221,5212882.72601754
121,24,658490.567125411,5212876.64277799
123,402,658763.650559257,5212870.62172655
128,9,658716.50033974,5212870.72620255
130,9,658704.499460779,5212869.72621796
131,5575,658799.164869541,5212826.82140861
132,12,658743.002280779,5212862.72632589
135,26,658894.513377662,5212847.22656486
142,9,658888.512938182,5212844.7266034
145,9,658503.484738182,5212842.72663424
147,27,658819.730122655,5212841.39332146
148,18,658888.512938182,5212840.39333688
149,27,658619.233956556,5212838.54151358
150,457,658801.81512223,5212826.88442772
160,14,658467.982137922,5212830.22682696
163,15,657969.445624416,5212828.72685008
167,23,658491.092526211,5212826.68340333
170,18,658022.116148745,5212825.56023224
176,30,657954.944562338,5212821.36029699
177,22,658020.54027575,5212819.81789653
179,9,658012.448774026,5212819.72698884
180,54,658015.578632891,5212811.28267459
182,14,658816.007627792,5212811.22711989
184,19,658210.042193411,5212808.25348152
185,41,658687.522607615,5212807.9954624
190,29,658676.738806861,5212804.62377342
191,16,658026.949836104,5212804.22722781
193,22,658805.006822078,5212803.22724323
199,1374,658712.964418464,5212773.85287806
200,9,658784.505320519,5212802.72725094
201,12,657852.937091169,5212801.72726636
205,58,658681.463290819,5212798.00318584
207,260,658794.044480719,5212792.06203075
212,9,658688.498288831,5212795.72735886
213,15,658066.852758649,5212791.12742978
215,12,658655.995908312,5212791.72742053
216,9,658077.453535065,5212790.72743595
217,97,658776.329463976,5212785.25329354
218,9,658684.497995844,5212789.72745136
219,14,658689.998398701,5212789.22745907
220,24,658682.122821883,5212785.76917906
226,20,658688.648299818,5212780.1775986
227,6562,658913.72173361,5212727.71133954
229,93,657781.948020863,5212775.28681379
234,51,658285.037366244,5212766.17879482
235,21,657929.156959332,5212765.15640162
236,9,657763.430535584,5212765.72782138
237,21,657805.862214768,5212765.4421115
238,9,657921.442108571,5212763.72785222
239,71,657931.75272289,5212756.34768431
241,9,658676.49740987,5212759.72791389
243,59,658701.533141827,5212758.10082033
244,9,658667.496750649,5212757.72794472
245,12,657962.945148312,5212756.72796014
249,9,657957.444745454,5212753.72800639
251,9,657741.428924156,5212750.72805265
253,12,658320.971370649,5212750.72805265
256,9,658674.497263376,5212746.72811432
257,15,658699.499094545,5212745.72812973
258,33,657933.988482031,5212742.45545292
260,62,658700.079782237,5212738.66372252
261,21,658710.49990026,5212742.72817599
265,12,657718.42723948,5212739.22822995
266,58,657742.618666467,5212738.69375543
267,37,657901.629846683,5212736.62016205
271,48,657892.231635822,5212734.91579644
272,44,657917.714562833,5212734.36466857
273,1099,658776.79046976,5212730.3498409
277,9,658689.498362078,5212735.72828391
278,68,657945.649763927,5212732.80185844
283,151,658848.13912022,5212723.5364189
284,18,657877.938922337,5212723.22847663
285,155,658394.289643807,5212718.74790054
286,9,658743.502317403,5212724.7284535
287,46,658757.351157798,5212722.64152915
288,9,657907.441083117,5212722.72848434
289,16,658880.512352208,5212722.22849204
292,69,658003.129250872,5212715.94598021
296,152,658804.960766073,5212711.14971549
297,12,658439.980087013,5212715.72859226
298,9,658054.45185039,5212714.72860768
300,134,657843.645365854,5212710.5047922
303,176,658747.263956547,5212709.88209149
305,9,658775.504661299,5212711.72865393
306,12,657994.947492208,5212710.72866935
307,70,658051.594498256,5212705.87160137
309,14,658434.979720779,5212710.22867705
310,36,658059.841133997,5212707.6176062
312,32,658010.261113799,5212706.5412339
314,15,658773.904544104,5212706.12874027
315,41,658782.431997935,5212705.1433896
318,9,658824.50825039,5212704.72876185
319,30,658833.008872987,5212704.72876185
320,18,657839.936138961,5212702.72879269
321,12,658844.009678701,5212700.72882352
322,55,658868.220542848,5212698.01977438
323,23,658791.37538891,5212699.03319749
325,256,658731.286578955,5212694.01017711
328,152,658925.331424292,5212687.45271242
329,48,658050.784915152,5212686.31237912
330,9,658062.452436364,5212688.72900853
331,106,658395.891952276,5212686.31395142
333,31,658070.001376355,5212683.66457048
334,9,657831.435516364,5212682.72910104
336,410,657632.552657224,5212673.16827284
337,46,657819.80422969,5212680.29435597
340,12,658297.969685974,5212680.72913187
341,15,658310.07057226,5212680.32913804
342,172,657721.462345497,5212676.49663899
345,17,658014.860715386,5212676.78801616
346,28,657743.107618534,5212675.72920896
347,51,658049.451484156,5212674.3566811
348,143,658061.871974269,5212671.47752626
349,9,657963.445184935,5212674.72922438
350,9,657942.443646753,5212673.72923979
351,61,657958.018557973,5212669.86044698
353,9,657909.44122961,5212671.72927063
354,35,657947.358292423,5212670.78642802
355,125,658076.989501079,5212664.4733825
356,9,657903.44079013,5212669.72930146
357,9,657975.446063896,5212669.72930146
359,69,657811.55000195,5212665.78733325
361,9,657948.444086234,5212664.72937855
363,69,658948.183975238,5212660.39611202
364,53,658043.186874384,5212661.12566053
366,9,657997.447675325,5212661.7294248
367,12,658091.954597143,5212661.7294248
368,21,657944.443793247,5212658.58661611
370,9,658674.497263376,5212659.72945564
371,15,658035.050429403,5212656.12951114
374,9,658814.507517922,5212656.72950189
378,18,657764.76396658,5212653.56288404
379,14,658017.949176883,5212654.22954043
380,9,658771.504368311,5212653.72954814
381,19,658028.871029446,5212650.83485593
382,12,658800.506492467,5212651.22958669
383,9,658804.506785454,5212651.72957898
384,9,657734.428411429,5212650.72959439
391,9,658764.503855584,5212648.72962523
392,9,658792.505906494,5212648.72962523
394,12,658772.504441558,5212646.22966377
395,515,658075.152395653,5212636.60748203
397,42,658346.997086333,5212642.84876352
398,9,658357.474044156,5212644.7296869
399,9,658783.505247273,5212644.7296869
401,12,658766.504002078,5212643.22971003
402,25,658809.187128249,5212642.92971465
406,38,658775.267801846,5212639.44029477
407,9,658363.474483636,5212640.72974857
408,188,657644.038812445,5212631.01713236
409,9,658388.476314805,5212639.72976399
410,9,658352.473677922,5212638.72977941
411,9,658766.504002078,5212638.72977941
412,9,657746.42929039,5212637.72979482
417,38,657662.212595926,5212632.72987191
418,30,657674.924053247,5212633.72985649
419,12,658762.003672467,5212632.72987191
420,9,658781.505100779,5212632.72987191
421,9,658789.505686753,5212632.72987191
422,321,658037.213827729,5212621.68331325
425,9,657735.428484675,5212630.72990274
426,9,658785.505393766,5212630.72990274
427,12,657739.428777662,5212629.22992587
428,9,658352.473677922,5212629.72991816
431,9,658652.495651948,5212628.72993358
432,21,658718.64335384,5212626.72996441
434,9,658059.452216623,5212626.72996441
435,16,658487.983602857,5212626.22997212
436,9,658790.50576,5212626.72996441
438,16,658481.983163377,5212624.23000296
439,28,657707.676452078,5212619.40864872
441,244,658078.453608311,5212611.16463063
442,16,658050.951594026,5212615.23014172
443,15,658697.498948052,5212614.73014943
444,9,658686.498142338,5212613.73016484
446,52,658042.393274895,5212610.53790637
448,24,658059.577225779,5212609.98022266
449,9,658667.496750649,5212610.73021109
451,9,658706.499607273,5212608.73024193
453,220,657958.844848,5212599.40311301
455,12,658011.948737403,5212606.73027276
456,121,658739.427638802,5212596.54034723
457,9,658713.50012,5212600.73036527
458,14,657655.922661559,5212598.23040381
460,72,658754.0169764,5212593.91102597
461,22,658724.000889091,5212593.09411937
462,21,657915.441669091,5212592.73048861
463,109,657888.751640882,5212588.61128606
466,9,658698.499021299,5212588.73055028
468,9,658479.48298026,5212585.73059653
479,28,658544.987777922,5212575.73075071
487,129,659079.80601852,5212565.25029214
490,9,658491.483859221,5212569.73084321
497,91,658640.769518384,5212561.04965837
499,15,657938.843383065,5212560.13099122
509,152,658860.668793575,5212547.93512662
511,23,658835.509056104,5212551.73112073
520,12,657973.445917403,5212549.23115927
521,18,658489.317033853,5212548.06451059
526,43,657747.499136189,5212539.14991935
530,98,659129.642843769,5212537.85378366
534,12,658483.98330987,5212540.73129032
537,12,658867.5114,5212539.23131344
538,9,657577.416911688,5212538.73132115
547,15,658213.063467325,5212532.13142291
548,42,657700.140185826,5212529.42194087
549,55,657717.099869535,5212528.64056764
550,9,658747.50261039,5212531.73142908
551,9,658852.510301299,5212531.73142908
553,18,657710.093295758,5212529.56479581
554,9,658563.489132987,5212530.73144449
561,9,658228.464595325,5212522.73156783
563,226,657771.811680404,5212507.62118133
565,100,657724.757703132,5212508.89178121
567,322,658753.089976138,5212496.55805833
568,12,658745.502463896,5212511.23174514
571,9,658500.484518442,5212510.73175284
576,104,657648.566353542,5212503.08763993
577,15,657662.423137662,5212506.73181451
578,277,657795.844461972,5212494.73560958
587,12,658769.004185195,5212505.73182993
588,9,658497.484298701,5212504.73184535
589,18,658774.837945801,5212503.56519667
591,12,658879.512278961,5212499.23193014
595,38,658780.057626343,5212491.23205349
597,15,658913.914798649,5212490.33206736
600,31,657723.008220159,5212487.50630448
601,12,657728.427971948,5212488.23209974
602,9,657645.421892468,5212487.73210745
603,33,657931.715588288,5212486.18667673
604,9,658807.507005195,5212485.73213828
607,9,657733.428338182,5212482.73218453
612,76,659266.001112256,5212479.3901308
613,430,657660.597422549,5212463.67433882
614,78,658778.889524595,5212472.69387776
617,26,657675.770269071,5212473.34771383
618,22,657923.669544439,5212471.95962335
624,17,657960.503793033,5212469.3206266
625,9,658505.484884675,5212469.73238496
626,12,658785.505393766,5212468.23240809
629,9,658940.516747013,5212467.7324158
631,9,658964.518504935,5212466.73243121
633,28,657982.80374564,5212462.58963794
634,114,659025.38261183,5212456.08347259
635,49,658417.417209987,5212459.16111937
636,24,658963.893459156,5212458.60755648
638,9,658582.490524675,5212457.73256997
639,17,658931.927882658,5212456.67376277
640,33,657691.273735569,5212456.27804694
642,251,659338.36660322,5212444.93595452
643,12,657684.424749091,5212455.23260851
644,9,658501.484591688,5212454.73261622
647,15,657977.44621039,5212452.73264706
648,26,658941.51682026,5212449.34808386
649,22,657978.94632026,5212448.23271644
651,12,657986.946906234,5212446.73273956
653,70,658963.032681825,5212441.28996633
660,62,658944.855774487,5212435.65226524
662,9,658547.487961039,5212436.73289374
663,19,658553.593671388,5212436.1539553
664,9,658783.505247273,5212436.73289374
668,38,659318.360210267,5212431.15403238
673,35,658547.573681603,5212425.96163123
676,20,658959.018102078,5212425.73306333
679,21,659161.247199332,5212425.44735345
682,9,657928.442621299,5212423.73309416
689,52,658532.929202428,5212415.21399474
692,5440,658768.574190464,5212366.76834743
694,12,659008.021691169,5212417.73318667
697,96,658932.630752765,5212410.16038676
704,15,658687.098186286,5212411.33328534
705,83,658152.519273948,5212407.33575661
706,42,658336.686807384,5212408.89998952
707,9,658429.479317922,5212409.73331001
708,17,658844.097920458,5212405.67454906
709,25,658903.434031023,5212405.29337846
711,278,659439.751153361,5212397.56443288
712,23,658165.06864777,5212402.29864203
713,499,658503.909619,5212388.0663094
715,9,657743.429070649,5212401.73343335
718,92,658940.288469424,5212394.72267187
719,12,658133.457636883,5212398.23348731
720,18,658634.661012381,5212398.40015141
721,38,658822.56073933,5212395.4966874
722,12,658005.948297922,5212397.73349502
724,69,658838.016486128,5212390.82055812
727,34,659342.722675722,5212396.29234077
731,182,659316.621216504,5212391.66765448
734,9,658207.463057143,5212395.73352586
737,121,658196.660613064,5212386.69234294
738,36,658214.019092871,5212392.9557909
740,18,659349.546704935,5212394.23354898
745,12,657727.927935325,5212391.73358752
750,9,657722.427532468,5212389.73361836
751,46,658471.982430909,5212385.84237401
754,355,658813.972267452,5212372.35078777
765,9,657754.429876364,5212382.73372628
767,15,657987.446942857,5212381.7337417
769,9,658233.464961558,5212381.7337417
774,19,659493.662523335,5212381.31269556
780,36,658504.901508615,5212376.0671624
782,20,657780.481784442,5212373.68386581
783,58,658704.792585696,5212371.61320808
784,21,657774.431341299,5212372.73388046
787,119,657787.415485553,5212367.80958663
790,12,659349.046668312,5212371.73389587
791,22,658492.711221842,5212368.64303444
793,28,658803.542429109,5212366.09112573
794,18,658002.448041558,5212366.23398067
797,19,659276.541357922,5212366.73397296
798,204,659361.557388536,5212363.35167217
812,9,658927.515794805,5212360.73406547
813,14,658834.008946234,5212356.23413485
815,22,659146.440920094,5212354.96142719
816,9,657682.424602597,5212354.73415797
818,32,659370.048206493,5212353.9216705
820,43,657875.345709151,5212349.2458705
828,45,657868.282659544,5212344.023212
829,104,658814.517134011,5212341.68628222
837,12,658912.01465948,5212340.73437382
839,22,659318.77172366,5212339.50712001
841,102,657703.200634067,5212332.62665568
848,384,658809.527986547,5212323.65651212
852,15,657688.425042078,5212333.73448174
856,18,657717.093808485,5212331.73451257
857,107,657851.764108061,5212325.12713781
858,29,658623.07970438,5212329.90695454
861,696,657868.461216683,5212308.07970487
862,380,658829.061215434,5212312.41375782
867,14,657829.935406493,5212326.23459737
870,45,659466.244140906,5212323.93463283
875,9,658920.515282078,5212323.73463591
876,24,657708.676525325,5212319.98469373
877,12,658106.955695844,5212321.73466675
883,62,658067.936709007,5212313.57350225
884,37,658113.537258968,5212316.43745112
885,27,657905.848373872,5212315.69772279
888,22,659334.04556961,5212315.23476696
889,9,657693.425408312,5212314.73477467
893,2219,658760.455789833,5212272.66241747
895,16,657685.424822338,5212312.23481322
896,134,658928.433772487,5212307.39906688
898,37,657704.777591112,5212307.62677615
899,373,658139.511699594,5212296.81279898
900,12,658103.45543948,5212309.23485947
902,9,657713.426873247,5212307.73488259
903,21,658946.23145128,5212306.16347825
906,18,657695.425554805,5212304.23493655
907,9,658003.448114805,5212305.73491343
909,12,658805.506858701,5212305.23492114
910,43,657936.489722307,5212303.22332424
911,56,657995.018926011,5212300.66356305
912,9,658141.458222857,5212303.73494426
915,9,658137.45792987,5212302.73495968
916,35,659323.1161977,5212301.16355534
917,9,657729.428045195,5212301.7349751
919,15,658380.87575813,5212300.33499668
920,50,657698.345768686,5212296.61505403
921,96,657880.657871477,5212293.16219061
922,28,658817.864906679,5212293.87795338
928,153,659357.266224572,5212290.05541661
930,17,657733.48716602,5212292.3233555
931,9,659018.52246026,5212292.73511386
932,25,657721.987500239,5212291.05513976
933,9,657990.447162597,5212291.73512927
936,12693,657729.970588674,5212206.41421988
937,9,658913.514769351,5212289.73516011
939,15,657824.435003636,5212287.73519094
940,98,658264.283545285,5212284.26585668
941,2038,658401.968961513,5212255.04580289
944,135,658103.040594282,5212280.6982624
948,18,657819.101279654,5212284.90190129
950,9,658306.470308571,5212283.73525261
951,129,658817.693797801,5212272.61139311
957,1626,657846.899748617,5212256.58622469
958,9,657823.43493039,5212277.73534512
959,156,658358.326670706,5212270.92775777
962,25,658112.976136789,5212275.65537719
963,25,658318.671202182,5212275.41538089
964,133,659455.810126913,5212272.20911453
975,9,658146.458589091,5212270.73545304
982,14,657796.932989351,5212266.23552242
983,52,658926.304167602,5212263.50479529
985,50,659224.977581319,5212262.25558378
986,45,658937.560974973,5212261.33559797
990,12,659194.535351688,5212262.23558409
991,23,657749.951287476,5212260.64865203
993,9,659028.523192727,5212261.7355918
994,29,657756.050684729,5212258.6666736
995,14,657793.93276961,5212260.23561492
1001,34,659463.202088037,5212259.02975116
1004,73,658989.04084893,5212254.63981079
1009,918,658255.511238568,5212243.15200032
1012,39,657798.612599547,5212252.17163669
1022,115,658355.10865352,5212248.47492668
1026,9,657904.440863377,5212248.73579223
1031,12,658660.996274545,5212247.73580764
1036,9,659002.521288312,5212245.73583848
1039,9,658856.510594286,5212243.73586931
1041,31,658189.945645111,5212241.51009718
1043,54,658302.284816835,5212239.34704809
1047,188,657842.021398071,5212228.08185534
1050,18,659312.043958182,5212236.73597724
1051,68,658364.812816952,5212233.57426128
1052,50,659095.028063637,5212234.09601794
1053,91,658185.912028167,5212233.90085611
1054,24,658265.550644892,5212233.73602349
1055,53,657814.434271169,5212231.54737799
1056,9,658278.468257662,5212233.73602349
1057,9,658764.503855584,5212233.73602349
1061,155,658054.090533604,5212226.781292
1065,22,657792.341743991,5212228.64519289
1066,46,657829.848443602,5212227.49698924
1067,21,657801.290451355,5212227.87897093
1068,22,658764.867518583,5212227.2361237
1069,23,658167.894941728,5212226.91004177
1070,9,658402.47734026,5212227.73611599
1071,94,659172.703965493,5212224.4063801
1072,127,658823.492427958,5212221.48424388
1076,238,658142.28181259,5212221.37907115
1078,9,658364.474556883,5212223.73617766
1080,334,658755.557092526,5212208.05378472
1082,34,659191.064509244,5212221.00092572
1083,23,657798.433099221,5212220.91013428
1087,89,659029.781711869,5212215.97225242
1089,135,658789.757557053,5212211.3808126
1090,22,658265.103642456,5212217.0544625
1091,32,658396.351891624,5212216.70503607
1094,44,657819.184619091,5212214.55450104
1095,23,658947.51725974,5212216.56237522
1097,9,657831.435516364,5212216.73628559
1099,19,658919.620479699,5212216.15734714
1100,33,659208.172714144,5212212.82725494
1102,43,659215.257799662,5212211.45729721
1103,36,657868.549345743,5212208.06975254
1104,22,658821.007994026,5212210.37274733
1105,101,658836.073453877,5212205.76615769
1107,432,659084.092077484,5212191.14408757
1109,9,659346.546485195,5212209.73639351
1112,56,659043.952894249,5212205.84359638
1114,9,659341.546118961,5212207.73642434
1115,9,659351.546851429,5212207.73642434
1116,18,659364.047767013,5212207.73642434
1119,48,658642.51575434,5212204.27814433
1121,23,657824.043670627,5212205.1712465
1122,9,658027.449872727,5212205.73645518
1123,18,658383.475948571,5212205.06979879
1124,55,658544.724122248,5212204.77283367
1132,213,659137.972523502,5212195.09812154
1134,12,658733.501584935,5212202.23650914
1138,47,659051.163148782,5212194.99193998
1142,50,658794.806074961,5212195.95660596
1144,49,657844.354829939,5212193.81827158
1145,15,659044.924393974,5212196.13660318
1146,14,657794.932842857,5212194.23663248
1151,73,658672.976604056,5212186.95592281
1162,15,658409.877882286,5212185.3367697
1163,29,658806.955240645,5212183.04714982
1165,15,658399.877149818,5212184.1367882
1170,9,657874.438665974,5212182.73680978
1172,49,657826.96580124,5212177.3287299
1174,9,658408.47777974,5212180.73684062
1175,9,658935.516380779,5212180.73684062
1178,15,659138.53124987,5212177.73688687
1179,9,658925.515648312,5212177.73688687
1180,432,659283.273332463,5212165.54957477
1181,23,658809.463670243,5212175.12823144
1182,31,658176.686609485,5212172.96276692
1183,97,659180.565256334,5212171.84007057
1192,173,657837.170040414,5212165.66770878
1193,15,658941.51682026,5212170.73699479
1198,18,658402.47734026,5212165.23707958
1200,208,658255.831984366,5212156.59778971
1202,15,658981.919779428,5212164.33709346
1203,285,659190.492950354,5212153.02498717
1204,9,658824.50825039,5212163.73710271
1205,28,657812.148389462,5212159.95144679
1206,66,658817.431974538,5212158.64627211
1209,65,658434.464298414,5212157.44489203
1214,9,657821.434783896,5212157.73719522
1216,9,659223.537475844,5212157.73719522
1217,4243,657566.276100433,5212097.99571705
1218,703,657836.296469826,5212142.68764062
1219,9,659113.529418701,5212156.73721064
1220,225,659214.452365994,5212147.35957744
1221,47,659155.723998452,5212153.05641632
1222,193,657985.223982117,5212146.0586188
1223,27,658186.054081713,5212153.55207456
1225,9,658791.505833247,5212154.73724147
1226,913,659123.517006723,5212136.42427081
1228,627,659554.517060152,5212146.21584176
1229,476,658407.105830518,5212136.16820004
1230,15,658418.478512208,5212153.73725689
1233,807,659248.8144201,5212142.20831444
1236,21,658129.028741076,5212151.16586796
1237,17,658197.521152513,5212152.32551395
1238,24,658579.990341558,5212151.23729543
1250,288,658326.6801221,5212141.03953599
1254,27,658192.017481443,5212147.84845879
1257,104,658157.036286893,5212145.11238986
1261,27,658183.202020972,5212144.55221331
1265,15,658355.873926961,5212143.33741723
1266,120,658778.829904844,5212138.11249778
1267,25,658803.946744437,5212141.65744313
1268,9,657995.447528831,5212141.7374419
1271,17,658623.081732926,5212140.67863469
1273,9,658798.506345974,5212141.7374419
1276,170,658174.648889082,5212131.83759453
1278,9,659006.521581299,5212139.73747273
1279,12,658296.969612727,5212138.73748815
1282,50,658437.839930265,5212134.39755506
1284,137,658158.78065946,5212129.37996819
1285,12,659619.566481558,5212135.23754211
1287,22,658276.831774168,5212131.23760378
1289,291,657929.669515282,5212124.55557622
1291,8268,659710.233136621,5212055.43410387
1293,143,658326.597656852,5212124.02442828
1295,31,659571.143580159,5212126.96347613
1296,39,658185.743517655,5212126.63511064
1298,2953,659510.00004159,5212070.26207928
1300,9,659546.561134545,5212126.73767316
1301,81,659157.742533475,5212118.21928597
1303,23,658421.087398938,5212122.17252615
1308,30,658404.677501403,5212118.83779496
1314,185,659177.777367554,5212111.70006717
1315,12,658140.958186234,5212117.73781192
1321,24,658862.261015454,5212112.98788515
1324,19,658902.619234505,5212113.31682745
1325,1851,659217.600250069,5212085.82906562
1326,29,658417.78880652,5212111.15170656
1327,23,659070.352343309,5212108.73795068
1328,9,658147.458662338,5212108.73795067
1329,53,658423.686440813,5212104.02104226
1330,79,658436.138033464,5212104.44687759
1333,24,658933.432894848,5212106.82131356
1334,18165,657771.119345351,5212050.43777604
1338,135,658765.73357528,5212103.56025272
1339,279,659437.61050252,5212090.54109861
1340,9,659669.570143896,5212106.73798151
1341,15,658923.115472519,5212105.33800309
1342,9,659581.563698182,5212105.73799693
1343,14,659597.064833506,5212105.23800464
1344,52,657950.078821349,5212101.68036718
1346,9,658330.472066493,5212103.73802776
1347,12,658827.50847013,5212103.23803547
1350,80,659338.533398306,5212096.21314378
1351,110,658209.326830011,5212092.86546812
1355,56,657918.495464184,5212097.13098677
1360,39,658783.915533733,5212094.84072904
1362,64,657591.667955455,5212094.61316845
1363,36,658925.210070375,5212095.09927206
1364,83,659175.329125721,5212095.95501523
1365,9,659569.562819221,5212097.73812027
1367,24,658087.870964719,5212095.69648508
1368,347,658473.960961986,5212076.62317203
1369,87,658775.7230681,5212091.7267187
1372,9,659661.569557922,5212096.73813568
1373,12,657815.434344415,5212095.23815881
1376,20,659042.024181559,5212093.73818194
1377,9,658096.454926753,5212093.73818194
1378,510,658161.908740289,5212080.55995374
1380,100,659939.789935169,5212083.0383469
1382,237,658406.671740291,5212085.57375085
1384,193,659565.588434867,5212083.61916696
1385,29,658082.522871868,5212088.15206117
1391,26,658900.01378052,5212084.73832069
1392,24410,659321.808704501,5211905.19696756
1394,17,657992.388481253,5212085.15007905
1396,22,657672.33295438,5212083.64742842
1397,33,658905.968762125,5212082.73835153
1398,228,658955.855589749,5212075.45776202
1399,9,658070.453022338,5212083.73833611
1400,66,658825.387102637,5212079.480826
1402,107,657615.653357038,5212078.44869804
1404,9,657854.437201039,5212081.73836695
1407,71,659299.148647514,5212077.4849114
1408,1682,659830.725228925,5212065.8729754
1416,9,659854.583694545,5212077.73842862
1417,18,657850.936944675,5212076.73844403
1419,126,659920.826641509,5212072.11153124
1421,49,659075.138851821,5212072.49361152
1422,9,658460.481588571,5212074.73847487
1428,86,659631.346414105,5212069.61064695
1432,19,659906.482232509,5212072.31745956
1434,16,658975.019274026,5212071.23852883
1436,262,659941.429749927,5212062.77301049
1437,15,658493.083976416,5212069.33855812
1438,91,659421.958601889,5212064.57379642
1439,112,657613.83029294,5212063.81900036
1441,31,659887.005423997,5212067.19020415
1442,14,657842.936358702,5212067.2385905
1443,9,658258.466792727,5212067.73858279
1446,61,659185.272378173,5212062.08293228
1447,9,659295.54274961,5212065.73861363
1450,26,659582.756093207,5212064.35401959
1453,12,658179.461006234,5212062.23866759
1454,15,658506.484957922,5212062.73865988
1457,164,659567.891965138,5212055.65950073
1458,9,658525.48634961,5212061.7386753
1460,69,658131.747366693,5212056.78222997
1465,12,658225.464375584,5212059.23871384
1471,462,660033.718026714,5212046.49865052
1476,9,659298.542969351,5212055.7387678
1477,12,659335.54567948,5212055.23877551
1482,91,659455.092896823,5212051.6948741
1484,9,658276.468111169,5212052.73881405
1492,9,659299.543042597,5212050.73884489
1493,355,659405.722650325,5212037.28553118
1494,26,659756.768838142,5212050.35423543
1495,15,657595.41823013,5212049.73886031
1496,25,657609.419255584,5212048.73887572
1497,28,658377.725527403,5212048.34602464
1500,14,659792.079116623,5212049.23886801
1503,23,658309.644454094,5212046.86933933
1507,98,659901.087100519,5212044.24914902
1509,43,658106.292856599,5212042.5994355
1513,2492,659554.648404237,5212005.44138918
1516,94,657610.8980873,5212041.10069561
1519,19,658282.889634122,5212042.84422976
1521,35,659542.703709165,5212041.33898981
1522,9,659676.570656623,5212042.73896823
1524,643,659891.157135288,5212030.93355149
1525,12,659923.088711948,5212042.73896823
1526,42,660191.465511095,5212040.54852581
1534,642,658424.689247464,5212027.5927843
1536,299,657595.622258451,5212029.4214478
1537,125,657896.896310803,5212030.21916126
1540,9,657584.417424416,5212036.73906073
1545,31,660180.962437688,5212034.35200076
1546,91,657878.274111723,5212032.8709885
1551,69,659056.945564276,5212028.76816913
1556,90,658841.376152485,5212029.05029039
1558,9,660187.608085714,5212032.7391224
1565,9,657735.428484675,5212029.73916866
1571,9,659795.579372987,5212027.73919949
1586,157,657703.903882776,5212011.94963401
1587,14,657922.942218441,5212023.23926887
1590,25,657596.858335605,5212020.5393105
1591,12,657860.937677143,5212022.73927658
1592,9,657883.439325195,5212022.73927658
1595,5238,659759.13855968,5211951.22663343
1596,9,657722.427532468,5212021.739292
1597,19,658258.8878762,5212020.84456895
1599,154,657871.828085161,5212014.5186241
1605,346,659827.457430323,5212005.08925968
1606,26,657715.927056364,5212016.62398625
1607,147,658412.961101302,5212009.91634503
1609,253,659924.52162322,5212012.54575785
1611,15,657860.837669818,5212015.33939067
1617,33,657849.800497804,5212012.67882563
1618,234,659259.711065419,5212006.52585134
1624,9,659144.531689351,5212012.73943075
1628,9,659650.568752208,5212011.73944617
1629,26110,659931.552066399,5211869.83991046
1634,18,659704.406028658,5212010.0728052
1636,9,657893.440057662,5212008.73949242
1637,27,659141.420350361,5212008.18394543
1638,347,659443.519005465,5211996.57253304
1640,39,659632.952077323,5212008.0471954
1641,15,657713.826902545,5212006.33952943
1642,15,658054.851879688,5212006.13953251
1646,55,658426.624563382,5212004.84864332
1651,77,657856.606191068,5212003.37593875
1653,72,658739.640923478,5212001.51738155
1654,16,658800.006455844,5212005.23954638
1656,21,659704.001237106,5212004.31098927
1661,29,658171.770787819,5211999.94652454
1662,821,659017.571111653,5211980.66075359
1665,29,658156.183439284,5211997.32587529
1668,303,659857.534405709,5211992.60772794
1669,15,659094.127997714,5211998.13965585
1670,31,659244.700316163,5211997.35257121
1672,98,658215.341185168,5211995.02541815
1674,95,657844.068020533,5211993.55025292
1678,28,658147.887265158,5211994.31114345
1679,19,658233.35969069,5211995.16075441
1682,9,659886.586038442,5211994.73970827
1685,9,658246.465913766,5211992.7397391
1690,9,659769.577468571,5211992.7397391
1695,25,658170.540352873,5211987.13982544
1696,9,658654.495798442,5211988.73980077
1698,15,659303.943364883,5211988.13981002
1699,12,659717.57365974,5211988.23980848
1702,9,659890.586331428,5211987.73981619
1703,42,658178.889535807,5211984.14463352
1704,23,659484.947926256,5211986.3050557
1705,15,659508.558351169,5211986.73983161
1707,18,659848.583255065,5211986.40650341
1708,9,659911.58786961,5211986.73983161
1709,34,660102.160650955,5211984.56339457
1710,39,658288.981848205,5211983.9450029
1711,12,659279.541577662,5211985.23985473
1712,38,658132.115433315,5211983.39777787
1713,134,659297.901131297,5211977.24744065
1717,9,657980.44643013,5211983.73987786
1719,9,659240.538721039,5211983.73987786
1720,172,658274.497036572,5211972.21098584
1721,12,659833.08211974,5211982.73989328
1722,54,659841.434583338,5211980.92510644
1724,12,657698.425774545,5211981.2399164
1725,2639,657881.637753306,5211939.44650999
1726,1190,657957.634675332,5211958.76295202
1728,1547,659494.834656951,5211948.52775107
1730,305,659776.794390592,5211972.68758925
1731,12,659786.078677143,5211981.7399087
1737,9,659305.543482078,5211979.73993953
1739,12,659882.085708831,5211979.73993953
1740,60,659893.919908918,5211975.42333942
1745,184,659426.775187343,5211968.50641707
1754,26,658379.898763497,5211972.58620367
1759,9,657921.442108571,5211971.74006287
1760,9,658436.479830649,5211971.74006287
1761,16,658009.948590909,5211968.74010912
1763,51,658068.472485124,5211964.32841243
1770,63,659792.420411462,5211961.01006957
1772,24,657708.551516169,5211962.90686573
1777,140,657999.326384352,5211954.78318145
1778,18,658342.972982078,5211961.74021704
1779,112,659439.133623548,5211956.17780281
1781,9,657726.427825455,5211960.74023246
1783,34,658031.156026524,5211958.41673887
1784,55,657737.428631169,5211954.9948665
1786,33,658274.558880425,5211956.92210951
1790,9,658899.513743896,5211958.7402633
1793,36,658336.778083911,5211954.07366858
1796,2335,659548.108999519,5211887.21545598
1800,1471,660163.233764816,5211950.04359249
1802,9,660202.609184416,5211956.74029413
1804,1637,660285.125918343,5211933.57388282
1806,65,660318.109951544,5211953.14034964
1807,12,659287.042127013,5211955.74030955
1808,18,658346.473238442,5211954.24033268
1809,40,657746.354284896,5211951.89036891
1814,72,658011.823728247,5211949.33763049
1815,9,658060.45228987,5211951.74037122
1816,23,658331.47213974,5211950.74038664
1817,1899,659629.989572501,5211888.18526895
1832,12,657716.92712961,5211943.74049456
1836,24,658627.118793312,5211940.11555045
1837,12,659852.583548052,5211941.2405331
1838,40,660190.983332922,5211940.36554659
1839,20,658004.348180727,5211939.690557
1840,9,658025.449726234,5211940.74054081
1843,9,657734.428411429,5211939.74055623
1847,123,659876.780442217,5211934.45608486
1850,100,658014.888952748,5211934.86063147
1854,9,657995.447528831,5211937.74058706
1857,17,658841.568323422,5211937.32882871
1859,9,658060.45228987,5211936.74060248
1866,22,658357.474044156,5211933.24065644
1867,116,658629.209463677,5211929.78381319
1870,9,657739.428777662,5211933.74064873
1871,9,657752.42972987,5211933.74064873
1872,82,657971.848239411,5211929.08218397
1881,143,657985.188036153,5211927.02047262
1882,9,658839.509349091,5211931.74067957
1887,9,657762.430462338,5211930.74069499
1889,73,658115.113827604,5211927.45307444
1892,12,659371.548316363,5211930.2407027
1899,21,660069.88517781,5211928.02645112
1900,55,660344.255922456,5211923.74080291
1901,188,657579.730910956,5211918.1611017
1902,9,657741.428924156,5211928.74072582
1903,16,657746.42929039,5211928.24073353
1906,41,657710.451045537,5211925.03346591
1907,9,659917.588309091,5211926.74075666
1912,9,657739.428777662,5211923.74080291
1913,44,659228.492384203,5211920.64994147
1916,3013,657931.918481585,5211884.00792727
1918,37,660321.590871773,5211920.33545001
1923,9,658053.451777143,5211919.74086458
1924,9,658180.46107948,5211919.74086458
1927,44189,657651.533928978,5211627.29978735
1929,39,658064.81158351,5211915.51016058
1935,9,657801.433318961,5211914.74094167
1938,15,659897.186814857,5211914.34094783
1944,45,658166.393382476,5211909.2521374
1948,31,660130.797473213,5211908.5152312
1949,32,660342.713195828,5211908.58478658
1950,25,658179.541012093,5211906.90106254
1952,26,659332.083887472,5211908.01027621
1953,590,659693.712590089,5211891.52943513
1955,23,660322.009233789,5211908.17582549
1956,209,658219.463936103,5211898.08091144
1957,12,660149.105265714,5211907.74104959
1959,12,657833.935699481,5211906.74106501
1971,9,660136.60435013,5211902.74112668
1980,18,660000.094351948,5211897.74120376
1982,9,659861.584207273,5211897.74120376
1983,9,658275.468037922,5211896.74121918
1987,15,659120.929960727,5211895.34124077
1992,15,658365.074600831,5211893.3412716
1997,9,660019.59578026,5211893.74126543
1999,9,659132.53081039,5211892.74128085
2005,168,659731.259185897,5211881.74740273
2006,15,659891.986433974,5211889.14133635
2015,22,660096.374130885,5211883.51415039
2016,54,658071.693853959,5211880.64887469
2019,18,658525.48634961,5211882.07477864
2021,12,660222.110612727,5211882.74143503
2023,9,659815.580837922,5211881.74145044
2024,374,660319.371746963,5211860.54659006
2030,9,659695.572048312,5211878.7414967
2036,64,659818.424796217,5211870.86661811
2037,2253,660016.351867571,5211811.19082934
2039,227,659703.828159609,5211865.53465186
2040,239,660339.405814469,5211861.62042175
2045,36,658362.668869076,5211869.96385425
2051,67,658613.940589315,5211863.8611291
2052,36,658725.917696147,5211863.9917241
2054,15,659805.980134753,5211865.14170637
2055,25,659889.026217164,5211864.94170946
2057,9,658674.497263376,5211864.74171254
2061,15,659569.162789922,5211861.14176804
2065,23,658619.667160587,5211858.74180505
2076,730,659656.811675202,5211838.92841189
2077,128,660299.702233145,5211852.74970993
2082,760,658208.805260711,5211839.13289684
2085,546,659135.78196426,5211829.79536489
2087,47,658182.588894899,5211850.18874542
2089,12,659914.088052727,5211851.74191297
2095,47,659430.148352992,5211846.3802935
2096,107,658355.922528651,5211843.48970375
2097,53,659559.014876864,5211845.1948441
2099,9,659726.574318961,5211846.74199005
2100,29,658366.888526789,5211844.32823417
2104,12,658633.994296883,5211842.74205173
2105,775,658933.40783925,5211823.00042062
2107,9,658944.51704,5211841.74206714
2108,12,657905.940973247,5211840.74208256
2111,232,660332.122980531,5211833.35426543
2115,52,658642.648776903,5211837.68443739
2116,9,659407.550953247,5211838.7421134
2122,28,659622.423833692,5211833.74219048
2123,1735,660222.88963232,5211804.117287
2124,21,657670.423723636,5211831.74222132
2125,86,658366.672392274,5211828.38180801
2127,28,659817.545267514,5211832.92077458
2129,28,659117.029675065,5211831.13508782
2136,12,658176.460786493,5211830.24224444
2137,29,658736.467319391,5211828.81123202
2138,283,658764.404908408,5211816.95446344
2141,23,658759.373045014,5211828.91617793
2145,9,660005.594754805,5211827.74228299
2146,12,660300.116325974,5211827.74228299
2147,33,660314.193114553,5211826.19685227
2149,9,660304.616655585,5211826.74229841
2151,242,657678.523490429,5211815.0647925
2152,9,658097.455,5211824.74232924
2153,24,658753.419710433,5211822.65902803
2158,15,658052.451703896,5211821.74237549
2164,543,659558.735138525,5211805.02992598
2167,19,658059.873300096,5211817.21612949
2169,9,660290.61563013,5211817.74243716
2170,9,660210.60977039,5211816.74245258
2173,85,658375.087098866,5211811.27194869
2174,29,658206.462983896,5211810.88047399
2177,9,660326.618267013,5211812.74251425
2179,353,658160.986565321,5211802.28658481
2180,9,659076.526708571,5211811.74252967
2181,12,659398.550294026,5211811.24253738
2185,9,660209.609697143,5211810.74254509
2194,9,659407.550953247,5211808.74257592
2197,9,658749.502756883,5211807.74259134
2198,9,658753.50304987,5211807.74259134
2201,861,659759.289839365,5211785.43979931
2205,23,659071.917675347,5211806.30783085
2210,279,659526.814168536,5211794.91124795
2217,12,657969.945661039,5211803.74265301
2220,183,659115.524100314,5211790.61717231
2221,25,660301.816450493,5211801.82268261
2222,98,657700.752475568,5211796.14072939
2223,9,657695.425554805,5211800.74269926
2224,12,658106.955695844,5211800.74269926
2225,87,658874.684339149,5211796.42092681
2226,122,659650.429397739,5211795.63622061
2227,9,658919.515208831,5211798.7427301
2229,15,660032.996761766,5211795.1427856
2230,9,658486.483492987,5211794.74279176
2231,23,660320.44390175,5211793.87323995
2233,9,658898.513670649,5211792.7428226
2235,46,659778.860757188,5211790.56894307
2236,39,660312.771098981,5211791.81975991
2237,72,658208.282561609,5211786.40958691
2238,276,658903.543024514,5211785.70307606
2240,62,659793.627617134,5211784.80746108
2248,66,658879.663805211,5211785.13687926
2251,15,659669.570143896,5211785.74293052
2254,18,657949.77751723,5211784.74294594
2255,481,659642.670044797,5211774.67657307
2256,34,658423.567120198,5211783.68413873
2257,15,658870.911649039,5211783.14297061
2259,61,658236.727495593,5211779.56269794
2260,37,658384.340876785,5211780.58084795
2262,16,660288.115447013,5211782.24298448
2265,14,660195.108635065,5211779.24303074
2267,35,658395.276812883,5211776.60021434
2268,32,659545.873584188,5211773.89936312
2269,9,660198.608891429,5211775.7430847
2270,309,658411.905215236,5211759.77245714
2273,126,659989.45865234,5211771.55267311
2274,9,660203.609257662,5211773.74311553
2276,35,658005.848290598,5211769.00033151
2277,12,660019.095743636,5211771.74314637
2279,18,659442.05348026,5211770.24316949
2281,86,660228.134309725,5211765.48742886
2282,9,659450.554102857,5211769.7431772
2283,9,659454.554395844,5211769.7431772
2284,39,659774.936835458,5211767.40987984
2285,77,659968.358261319,5211766.92503883
2287,15,658422.078775896,5211768.14320187
2289,1308,659561.649395594,5211737.88510569
2291,18,660192.108415325,5211768.24320033
2292,9,658031.450165714,5211767.74320804
2293,1270,659061.504348471,5211737.12399509
2295,52,658670.708524345,5211762.14714047
2296,93,659468.415626114,5211763.28091124
2297,9,660269.614091948,5211765.74323887
2298,12,659789.078896883,5211764.74325429
2299,12,658096.954963377,5211763.74326971
2300,17,659371.607144202,5211762.1550589
2301,9,659631.567360519,5211762.74328512
2302,21,658057.737805343,5211760.02904126
2304,9,659762.576955844,5211761.74330054
2305,15,660244.212231481,5211761.34330671
2306,15,658047.451337662,5211759.74333138
2307,35,658079.339387473,5211760.20046719
2308,17,658091.395732681,5211760.15508973
2309,80,659958.403798474,5211758.5808493
2310,9,658029.450019221,5211759.74333138
2311,9,658123.456904416,5211759.74333138
2312,642,659996.198427976,5211741.04891555
2313,18,660193.108488571,5211759.74333138
2314,3662,660240.050211738,5211713.98161201
2315,38,658127.562468271,5211755.8223392
2316,52,659793.290743826,5211753.78188483
2319,620,658858.299434981,5211743.40971224
2322,7283,659316.480573116,5211706.51649858
2325,21,659382.549122078,5211755.60053811
2327,9,660150.605375584,5211756.74337763
2330,9,660270.614165195,5211756.74337763
2331,9,658030.450092468,5211755.74339305
2332,16,658136.457856623,5211755.24340076
2333,12,659949.090616364,5211755.74339305
2334,157,660016.831246571,5211747.60339116
2335,9,658067.452802597,5211754.74340846
2336,44,658274.172488489,5211753.40252005
2339,794,659456.635152775,5211732.48556523
2340,87,658490.552756543,5211749.05384101
2341,9,658104.455512727,5211751.74345472
2342,40,658633.869287727,5211749.29349249
2345,9,659611.565895584,5211751.74345472
2347,27,659494.557325714,5211747.74351639
2348,630,659657.073990565,5211728.58349432
2349,12,660257.113176364,5211750.74347013
2351,389,660288.067885689,5211736.40435959
2353,36,658275.134680173,5211745.02133613
2354,12,657909.941266234,5211745.74354722
2355,24,657729.678063506,5211742.6185954
2357,120,658085.887486113,5211740.87695559
2368,18,658280.968440779,5211739.74363973
2371,9,658188.461665455,5211737.74367056
2375,9,660300.616362597,5211736.74368598
2376,9,658387.476241558,5211735.7437014
2378,18,659612.565968831,5211734.24372452
2383,9,658607.492355844,5211734.74371682
2384,15,658684.497995844,5211733.74373223
2385,50,659792.99918401,5211730.80377756
2387,14,658071.953132208,5211733.24373994
2388,9,658076.453461818,5211733.74373223
2390,25,658691.578514431,5211733.06374271
2393,681,659756.498683938,5211715.07588495
2394,12,659883.085782078,5211732.74374765
2398,9,658400.477193766,5211731.74376307
2401,725,659829.453578118,5211715.01574511
2406,28,660128.460896549,5211728.74380932
2408,9,658022.449506494,5211728.74380932
2410,9,658625.493674286,5211728.74380932
2411,9,659315.544214546,5211728.74380932
2412,9,660303.616582338,5211728.74380932
2418,16,659937.089737403,5211727.24383245
2419,554,660018.554187726,5211701.81642664
2423,44,658667.837684711,5211722.65299414
2424,81,659421.823603534,5211719.02790973
2425,9,659932.589407792,5211725.74385557
2426,9,659947.590506493,5211725.74385557
2428,22,659450.190439858,5211723.06207874
2429,29,658286.468843636,5211722.74390182
2432,15,658662.096355117,5211721.34392341
2433,12,659561.062196623,5211721.74391724
2437,17,658637.906348113,5211719.68512546
2438,40,658633.894289558,5211716.44399895
2439,15,658657.095988883,5211719.34395424
2443,9,658648.495358961,5211717.74397891
2444,18,659996.094058961,5211716.24400204
2446,34,658668.702721329,5211712.89111255
2448,25,660138.164464395,5211713.66404182
2449,9,659839.582595844,5211713.74404058
2451,83,658653.688510399,5211710.43083865
2453,12,659844.582962078,5211712.24406371
2455,32,659769.639973149,5211709.83785081
2456,9,660147.605155844,5211711.74407142
2462,1878,659215.147084962,5211656.37005828
2465,3013,658253.688148674,5211655.23415608
2466,14088,659452.460687701,5211533.50264006
2467,2877,659579.455097449,5211633.43870939
2469,497,659855.298032579,5211694.9234052
2472,9,658607.492355844,5211705.74416392
2473,18,658618.826519307,5211704.74417934
2474,116,659568.010981424,5211698.56324015
2476,108,658197.6660433,5211698.11465192
2477,69,659436.074781502,5211701.67176294
2478,30,660140.904665091,5211701.94422251
2479,12,658113.956208571,5211703.74419476
2480,26,658643.148813526,5211702.62882734
2481,12,658036.450531948,5211702.24421788
2487,43,658607.678415983,5211695.60478536
2488,188,659051.141870627,5211691.05290107
2489,9,659266.540625455,5211698.74427184
2490,75,659449.967393219,5211695.31765801
2491,25,658627.893850078,5211696.7043033
2492,112,658637.628491628,5211692.48543977
2493,22,660033.596805714,5211696.24431039
2496,75,659430.485966372,5211693.17102444
2499,9,660256.61313974,5211695.7443181
2500,68,658032.670843353,5211689.7444106
2502,9,660133.60413039,5211694.74433351
2504,37,659484.637680267,5211693.04165706
2506,35,657964.931008045,5211689.68726863
2508,9,660289.615556883,5211690.74439518
2509,54,658616.067057941,5211686.52223806
2510,18,658600.99187974,5211687.74444144
2512,36,658169.710292078,5211685.99446842
2514,68,660290.468560534,5211684.71507638
2515,9,658120.456684675,5211685.74447227
2516,1244,658184.889056525,5211659.80918082
2518,28,658643.637860334,5211684.10164046
2519,9,659389.549634805,5211685.74447227
2523,50,659843.022847813,5211683.10451297
2524,20,658201.862646961,5211683.09451313
2525,403,659399.274912855,5211673.73969458
2528,76,657958.747472447,5211676.90250333
2531,9,658081.453828052,5211680.74454936
2535,15,659695.572048312,5211678.74458019
2536,59,659871.313733436,5211677.74459561
2537,15,660297.616142857,5211679.74456478
2538,492,658132.98402496,5211654.22056805
2540,9,660125.603544416,5211678.74458019
2541,9,660003.594608312,5211677.74459561
2542,14,660136.104313507,5211677.24460332
2544,24,658611.367639675,5211676.11962066
2545,9,660223.610722597,5211676.74461103
2546,219,659780.587407375,5211669.44791987
2549,43,658662.170779172,5211673.69814637
2550,12,659342.046155585,5211674.74464186
2551,24,659600.940117338,5211673.99465343
2552,9,659609.565749091,5211674.74464186
2566,23,659763.403103309,5211667.74474979
2567,9,659834.58222961,5211668.74473437
2569,9,657962.445111688,5211667.74474979
2570,41,658046.865928933,5211664.89113525
2575,9,660285.615263896,5211666.7447652
2578,15,659241.538794286,5211664.74479604
2580,9,658112.456098701,5211664.74479604
2582,21,659820.866939369,5211663.31624664
2583,21,659836.582376104,5211662.74482687
2585,16,658646.995249091,5211662.74482687
2586,220,659867.907397665,5211651.66317954
2587,17,660291.674531215,5211662.15660065
2588,248,658090.14398066,5211656.19654074
2589,9,658126.457124156,5211661.74484229
2590,57,658209.884287109,5211656.93789886
2591,46,658634.559555675,5211659.35357481
2592,183,660231.452827018,5211652.22039898
2595,67,660182.234557821,5211656.32701537
2596,32,660192.108415325,5211660.24486542
2598,19,657972.445844156,5211657.74490396
2599,80,658494.071548747,5211654.19495869
2600,9,658664.496530909,5211658.74488854
2601,88,658108.876291057,5211653.42678872
2604,9,660174.607133507,5211657.74490396
2605,31,660207.609550649,5211656.74491938
2606,9,658121.456757922,5211656.74491938
2609,530,659811.118246925,5211644.8111411
2611,9,660220.610502857,5211655.7449348
2613,19,658196.567522297,5211654.32390407
2615,9,658551.488254026,5211654.74495021
2616,18,658623.160170043,5211653.57830153
2617,33,658674.072989878,5211653.44194
2618,12,658333.472286234,5211653.24497334
2619,9,658544.487741299,5211653.74496563
2620,9,658628.493894026,5211653.74496563
2621,36,658637.966810058,5211651.88388321
2622,28,659258.54003948,5211653.24497334
2625,67,658063.183833216,5211648.89429415
2626,238,659370.897008157,5211644.07704746
2627,51,659591.976225515,5211650.05874795
2628,52,658114.76396004,5211647.16814395
2629,12,658325.47170026,5211651.24500417
2630,44,658564.921056045,5211648.85867733
2631,9,658612.492722078,5211651.74499647
2632,14,660313.117278182,5211651.24500417
2633,16,658200.962581039,5211649.24503501
2634,9,658630.49404052,5211649.7450273
2635,9,658773.504514805,5211649.7450273
2636,12,658188.461665455,5211648.24505043
2637,289,658534.376274077,5211637.62410691
2638,9,658626.493747532,5211648.74504272
2640,42,660175.892941967,5211646.24508126
2641,9,657972.445844156,5211647.74505814
2642,64,658663.762102118,5211643.8232436
2643,348,659393.193579854,5211638.11589625
2645,72,660242.59822438,5211642.7590239
2648,175,658336.678235328,5211637.11093638
2651,56,659313.044031429,5211643.19155691
2652,18,657980.44643013,5211643.24512752
2654,29,658638.563597062,5211641.53825728
2655,56,657999.91214154,5211639.42375786
2656,9,660147.605155844,5211642.74513522
2657,32,658203.587773312,5211636.65147917
2659,68,658666.86435139,5211634.86290381
2660,98,658035.440253872,5211635.0105606
2661,91,658058.012550741,5211634.65734783
2662,44,658521.713345998,5211635.72251622
2663,122,660209.35558017,5211635.8190125
2664,26,658117.802644136,5211635.36063369
2665,21,658603.206327644,5211636.03095303
2666,38,659623.935222584,5211634.82420472
2667,15,660161.606181299,5211636.74522773
2672,33,660235.15702281,5211633.80587911
2673,9,657959.444891948,5211633.74527398
2674,107,658138.78512988,5211624.23140197
2675,66,659210.309234262,5211629.60897412
2676,15,658019.449286753,5211631.74530482
2679,33,660223.004617599,5211630.26047922
2680,9,658046.451264416,5211630.74532023
2681,9,658191.461885195,5211630.74532023
2683,68,659577.739888709,5211627.62772124
2687,14,658195.962214805,5211629.24534336
2690,15,658603.092033558,5211628.34535724
2695,9,660250.61270026,5211627.74536649
2697,36,658836.259111039,5211624.24542044
2698,12,658202.462690909,5211625.24540503
2699,27,658219.241697605,5211624.07875635
2701,15,659512.558644156,5211624.74541274
2702,9,658210.463276883,5211624.74541274
2704,12,658792.00586987,5211624.74541274
2705,9,660246.612407273,5211624.74541274
2706,19,658657.390747314,5211622.90333587
2708,12,659334.545606234,5211622.24545128
2709,9,658382.475875325,5211621.74545899
2710,82,658562.51345177,5211619.9528037
2711,30,658628.327215152,5211620.0454852
2714,53,657992.749217996,5211618.67003471
2715,15198,658267.408755716,5211517.92734651
2717,16,658650.495505454,5211620.24548212
2719,542,659812.501276577,5211604.54277219
2721,871,659293.03625145,5211563.64646956
2722,99,659395.903635534,5211616.27079592
2723,914,659502.928836011,5211563.25183129
2724,9,659791.57908,5211619.74548983
2727,17,660137.016144996,5211618.68668262
2729,9,658118.456538182,5211617.74552066
2730,593,658142.739935618,5211585.42898687
2732,26,659562.831556983,5211615.39940299
2733,9,660154.605668571,5211617.74552066
2734,15,658779.904983584,5211616.34554225
2735,12,659206.536230649,5211616.24554379
2736,9,660085.600614545,5211616.74553608
2742,34,660091.689295783,5211611.95149234
2744,20,658406.97766987,5211611.74561317
2746,27,659664.310499413,5211611.67154023
2752,12,660256.113103117,5211611.74561317
2756,469,658193.784016891,5211599.17011409
2757,111,659169.740742904,5211602.81782288
2760,14,658179.961042857,5211607.24568254
2763,9,658108.455805714,5211606.74569025
2765,15,658368.47484987,5211605.74570567
2766,15,658659.096135376,5211606.1456995
2767,831,659133.564580448,5211595.0755934
2770,12,658232.464888312,5211605.24571338
2771,22,659522.650292373,5211604.83662878
2774,68,658532.251550985,5211601.15754112
2775,33,657971.718518158,5211601.56395196
2778,117,658064.512416299,5211596.05354741
2779,12,658091.954597143,5211601.74576734
2781,12,658084.954084415,5211600.74578276
2785,57,659586.335977535,5211595.99147009
2787,124,660039.298836242,5211590.91528916
2788,9,660060.598783377,5211598.74581359
2792,9,658761.503635844,5211597.74582901
2793,129,659339.011049568,5211586.89328315
2797,42,659993.165273024,5211592.86495188
2798,21,658386.190433098,5211592.0316314
2800,23,660314.269536488,5211591.52853356
2801,65,658082.684687432,5211589.1459616
2802,30,658043.351037351,5211590.3459431
2803,9,658115.456318442,5211590.74593693
2804,23,658409.782223106,5211588.615535
2805,42,658758.97964146,5211589.03167765
2807,9,658536.487155325,5211589.74595235
2808,9,658032.450238961,5211588.74596777
2811,9,658735.501731429,5211588.74596777
2812,9,660012.595267532,5211588.74596777
2813,9,660025.59621974,5211588.74596777
2815,16,660129.603837403,5211585.24602173
2816,14,658072.953205455,5211584.24603715
2817,12,658802.006602338,5211584.74602944
2818,794,659818.035677668,5211562.3206825
2820,9,658750.50283013,5211583.74604486
2822,9,660014.595414026,5211583.74604486
2823,41,658475.629039455,5211580.69731137
2824,17,658795.564954072,5211582.15783405
2826,16,658399.977157143,5211581.2460834
2827,3112,658843.214633325,5211528.20577005
2828,9,658770.504295065,5211580.74609111
2830,61,659146.007207256,5211576.45107536
2831,19,659528.454545236,5211580.16715266
2832,35,659845.754476453,5211579.86039048
2833,475,658175.810212529,5211556.5801479
2834,53,659835.261524646,5211577.16124072
2835,15,659981.592996883,5211579.74610653
2837,16,658787.50554026,5211578.24612965
2838,9,659656.569191688,5211578.74612194
2840,128,658738.29881129,5211571.06655284
2841,18,659727.407713333,5211576.41282458
2843,45,658727.034444606,5211574.14619286
2844,12,659666.569924156,5211575.2461759
2845,9,658065.452656104,5211572.74621445
2846,80,658395.914359578,5211568.57127882
2849,9,659997.594168831,5211571.74622986
2851,17,658526.545250695,5211569.33450234
2852,38,658719.290017744,5211567.27261463
2854,226,658208.640134504,5211563.36140339
2855,9,658537.487228571,5211568.74627612
2857,67,658192.432105509,5211563.83590406
2860,9,659103.528686234,5211567.74629153
2861,14,659512.058607532,5211567.24629924
2865,27,657903.44079013,5211562.74636862
2866,9,657970.445697662,5211565.74632237
2868,128,658223.80800427,5211557.84800664
2870,32,659855.333749481,5211563.5588561
2871,18,658066.119371602,5211562.57970452
2872,9,659535.560328831,5211563.7463532
2873,12,657960.444965195,5211562.24637633
2874,32,657966.976693587,5211561.37138982
2878,30,657956.944708831,5211558.246438
2882,9,659511.558570909,5211558.74643029
2887,371,660430.855011969,5211551.45543758
2889,33,658087.333046533,5211554.23134839
2890,1158,658105.321724702,5211534.954051
2891,9,658373.475216104,5211555.74647654
2892,26,658396.246114645,5211553.5926636
2896,15,658350.873560727,5211553.14651663
2898,72,659727.324373896,5211551.32987797
2899,71,659833.723011751,5211550.76063792
2902,12,659521.059266753,5211552.7465228
2905,16,659843.582888831,5211551.24654592
2906,9,659983.593143377,5211551.74653821
2907,318,660445.438290311,5211537.86310447
2908,27,657903.44079013,5211546.7466153
2909,49,659030.400881272,5211547.39966646
2910,12,658112.456098701,5211548.24659218
2911,9,660469.628741299,5211548.74658447
2913,15,658224.864331636,5211547.34660605
2914,9,657959.444891948,5211546.7466153
2916,12,658117.956501558,5211545.74663072
2917,45,658157.992767204,5211544.05776787
2919,19,658380.002009925,5211545.16769228
2921,25,659518.599086566,5211544.14665539
2922,23,659527.385817075,5211544.74664614
2924,41,659715.915001672,5211542.62472763
2926,15,660008.194945247,5211544.3466523
2927,29,658412.926381424,5211542.53978361
2928,35,660033.539658672,5211541.17527263
2929,65,658050.374628691,5211541.25439229
2930,15,658038.450678442,5211541.74669239
2933,12,659654.569045195,5211541.2467001
2938,18,660024.596146493,5211539.24673093
2940,21,659146.674703451,5211538.74673864
2942,766,658404.371734882,5211516.42332302
2943,9,657936.443207273,5211537.74675406
2944,9,658154.459175065,5211537.74675406
2945,95,658162.322908911,5211531.27316966
2948,109,659022.531928231,5211532.21472926
2950,329,658345.99599984,5211518.92333607
2954,18,658171.46042026,5211533.24682344
2955,26,660029.673441438,5211531.74684657
2957,14,658975.019274026,5211532.24683886
2958,434,659006.931749589,5211518.30235338
2960,19,659515.453593028,5211532.32578501
2964,77,660129.071330869,5211527.73392142
2970,14,658175.96074987,5211529.24688511
2973,12,659503.057948312,5211527.74690824
2974,21,659516.558937143,5211527.03263353
2975,9,658994.520702338,5211526.74692365
2976,9,660174.607133506,5211526.74692365
2980,12,660137.104386753,5211524.74695449
2985,12,658105.455585974,5211522.24699303
2987,12,659502.557911688,5211522.24699303
2988,12,659538.060511948,5211522.74698532
2989,33,660024.535535994,5211521.5348828
2991,12,660448.127166494,5211521.74700074
2992,24,658737.376868766,5211520.49702001
2994,238,660446.433765155,5211512.00345348
3001,183,658741.9393614,5211510.87831585
3004,19,658814.402247054,5211517.32601627
3005,9,660114.602738701,5211517.74706241
3007,15,659501.95786774,5211516.34708399
3008,12,659512.058607533,5211516.74707783
3009,18,659640.234661991,5211515.58042915
3010,22,659718.664648737,5211515.83800093
3014,67,660260.688065059,5211512.88146578
3017,9,660388.622808312,5211513.74712408
3018,233,658055.486260915,5211506.5412266
3019,9,658728.501218701,5211512.7471395
3022,9,660269.614091948,5211512.7471395
3023,97,658136.963048264,5211507.59257979
3027,78,658334.549288192,5211507.63183375
3030,9,659513.558717403,5211510.74717033
3035,9,660406.624126753,5211507.74721659
3036,9,659133.530883636,5211506.747232
3037,9,660382.622368831,5211506.747232
3038,24,658026.44979948,5211504.66393079
3040,25,660135.524271023,5211505.3072542
3043,14,660413.124602857,5211504.24727054
3044,15,659115.529565195,5211503.74727825
3045,20,659129.080557688,5211501.89730678
3049,27,658312.396668552,5211500.19177752
3051,9,658549.488107532,5211500.74732451
3052,197,658915.89565439,5211490.25510049
3055,69,658354.981107946,5211495.21117798
3058,32,658100.205201429,5211496.6223881
3065,46,658297.534871519,5211494.29090231
3066,98,658330.074078161,5211490.80870223
3075,42,658108.789163463,5211489.24750181
3076,33,659115.772007194,5211490.5656633
3080,188,658348.021224158,5211481.7210221
3082,59,658760.503562597,5211487.08651817
3084,104,659924.21379435,5211483.68989519
3085,27,658310.544681058,5211487.19197794
3086,9,658786.505467013,5211488.74750952
3087,9,660413.62463948,5211488.74750952
3088,27,659106.751144473,5211485.30311818
3090,9,659986.593363117,5211486.74754035
3091,9,660133.60413039,5211486.74754035
3093,229,658413.534918691,5211473.92241057
3094,9,658990.520409351,5211485.74755577
3095,20,659179.484249325,5211484.79757042
3098,9,660363.620977143,5211485.74755577
3100,45,658363.185573587,5211481.59206428
3101,15,659501.95786774,5211484.34757735
3102,22,660430.398595301,5211483.97485583
3104,9,658223.464229091,5211483.7475866
3105,9,658983.519896623,5211483.7475866
3108,9,658423.478878441,5211482.74760202
3110,23,659393.419483456,5211481.9215278
3111,38,657864.780063828,5211479.11607906
3112,20,658755.953229325,5211479.89764596
3113,9,658972.519090909,5211480.74763286
3114,19,660410.519148872,5211480.16869441
3118,45,660361.198577501,5211476.96991332
3120,12,660369.621416623,5211478.2476714
3124,9,658987.52018961,5211476.74769453
3125,18,660353.620244675,5211474.24773307
3126,16,659080.026964935,5211474.24773307
3127,424,660371.470608665,5211462.05924174
3128,103,658212.62848401,5211467.11677505
3129,14,658554.98851039,5211473.24774849
3131,9,659402.550587013,5211473.74774078
3132,9,660096.60142026,5211473.74774078
3133,14,660370.121453247,5211473.24774849
3134,94,660399.13421648,5211466.69465803
3135,9,658982.519823377,5211472.7477562
3137,152,658563.956272464,5211463.49131996
3138,33,658748.229936387,5211470.47506396
3139,9,658986.520116364,5211470.74778703
3141,43,659077.294206645,5211466.77110416
3145,35,660347.334069982,5211465.49072523
3151,15,660202.609184416,5211466.7478487
3152,17,658203.050969289,5211464.68905691
3153,23,659675.44013904,5211464.57396917
3154,46,660415.298675133,5211461.72618699
3159,54,658534.098091457,5211457.97020625
3160,9,659509.558424416,5211461.74792579
3164,33,658981.913718379,5211459.17220793
3166,36,658753.003013247,5211457.74798746
3167,18,658086.454194286,5211456.41467468
3168,12,659479.05619039,5211456.74800287
3169,40,659753.92632226,5211454.94803063
3170,25,658103.415436551,5211454.34803988
3173,15,659495.95742826,5211454.34803988
3176,9,660351.620098182,5211453.74804913
3177,28,660389.694315362,5211452.81949202
3181,2310,658430.783742464,5211401.10167467
3182,27,658564.489206234,5211448.08146983
3185,9,658749.502756883,5211448.74812622
3186,9,660345.619658701,5211448.74812622
3189,9,659515.558863896,5211447.74814163
3191,37,659070.472211078,5211444.01846941
3192,9,660219.61042961,5211446.74815705
3194,15,658954.117743169,5211445.34817864
3195,27,659410.995649986,5211443.82227624
3196,23,660194.130302541,5211443.7916809
3197,30,660243.145486684,5211443.48154075
3199,67,659442.180355224,5211441.12137813
3201,34,658979.901984584,5211441.33647578
3202,9,660200.609037922,5211442.74821872
3203,15,660305.016684883,5211442.14822797
3206,9,659502.557911688,5211441.74823414
3208,21,660342.190836141,5211440.03397485
3218,69,660198.217558419,5211436.50193821
3219,15,660358.020566961,5211438.34828656
3222,29,659069.49171056,5211434.95523542
3223,31,659398.098648044,5211435.13543287
3224,71,660209.21530206,5211434.76242635
3226,174,660235.473660421,5211425.98410937
3227,161,660324.232999145,5211428.58694637
3228,9,660370.62148987,5211436.74831123
3229,48,658140.499819329,5211434.56084495
3232,9,660365.621123636,5211435.74832664
3237,16,660352.120134805,5211433.24836519
3238,9,658148.458735584,5211432.7483729
3239,53,658565.149631963,5211430.8993448
3241,9,659421.551978701,5211432.7483729
3243,9,658152.459028571,5211431.74838831
3244,14,658159.959577922,5211431.24839602
3245,97,660221.455925602,5211426.95464779
3247,2189,660339.167381651,5211382.18131333
3248,9,658397.476974026,5211430.74840373
3249,15,660365.221094338,5211430.14841298
3250,33,660171.303861267,5211427.74844998
3251,9,658166.460054026,5211428.74843457
3255,64,660338.666024407,5211425.67035702
3256,143,658572.21005144,5211423.92333413
3258,9,658996.520848831,5211426.7484654
3259,148,659399.239533696,5211421.49178969
3260,9,660205.609404156,5211426.7484654
3261,15,658931.516087792,5211425.74848082
3262,28,658180.139627365,5211423.10566442
3264,21,658924.229839852,5211423.46280177
3265,86,660243.63544505,5211415.56259135
3267,66,659425.052235065,5211420.7485579
3268,12,658154.959211688,5211422.74852707
3272,12,660158.105924935,5211422.74852707
3273,26,658931.09297988,5211420.71009696
3274,12,658160.959651169,5211420.74855791
3275,9,659467.555348052,5211420.74855791
3276,48,658386.059471125,5211416.04029716
3277,9,658583.490597922,5211419.74857332
3279,9,659165.533227533,5211419.74857332
3287,9,659183.534545974,5211416.74861958
3289,29,660101.187963081,5211415.81759945
3290,92,660313.986907092,5211412.98780799
3295,9,659455.554469091,5211415.74863499
3299,9,660107.602225974,5211414.74865041
3300,12,658593.991367013,5211413.74866583
3301,9,659430.552637922,5211413.74866583
3302,9,659705.572780779,5211413.74866583
3305,9,659437.55315065,5211412.74868125
3306,9,660364.62105039,5211412.74868125
3308,26,660385.161016304,5211411.0179387
3316,9,659708.573000519,5211406.74877375
3319,9,660317.617607792,5211406.74877375
3320,30,660365.421108987,5211405.54879225
3322,9,660111.602518961,5211405.74878917
3323,38,658531.986825714,5211402.74883542
3324,91,658916.723795593,5211400.03459155
3331,19,660290.194546658,5211401.22254316
3332,32,659458.554688831,5211400.40512155
3335,45,660278.21472187,5211395.6822777
3337,67,658548.085019694,5211396.58475135
3343,165,660290.57926383,5211390.77326248
3344,61,658567.407452757,5211392.84734874
3348,9,658498.484371948,5211395.74894334
3350,53,660081.109719588,5211393.2018128
3353,33,659709.391242267,5211392.14293833
3355,18,658162.12640329,5211390.74902043
3357,18,659073.359809957,5211391.08234863
3358,88,659452.701987444,5211385.85136867
3359,24,659519.184129415,5211389.4990397
3362,9,660073.599735584,5211390.74902043
3364,15,658398.477047273,5211388.74905127
3365,9,660217.610283117,5211389.74903585
3368,15,658557.888722805,5211388.14906051
3369,9,659405.550806753,5211388.74905127
3370,27,659059.414344127,5211386.8601915
3371,24,657941.485243225,5211385.16577318
3373,9,658543.487668052,5211386.7490821
3374,9,658577.490158441,5211386.7490821
3378,9,659075.526635325,5211385.74909752
3379,9,659081.527074805,5211385.74909752
3381,9,659510.558497662,5211384.74911294
3382,9,660270.614165195,5211384.74911294
3385,28,658154.316307458,5211380.24918231
3386,55,658895.29525311,5211378.27648546
3389,19,659709.678344634,5211381.17022074
3392,9,660362.620903896,5211380.7491746
3393,9,657913.441522597,5211379.74919002
3403,14,660290.115593506,5211377.24922857
3404,30,658527.286481455,5211374.64926865
3405,1045,659708.067700353,5211326.12417948
3408,49,658079.372042926,5211371.36156424
3409,9,659451.554176104,5211372.74929795
3411,345,658577.977150631,5211351.19600706
3413,30,660285.715271221,5211367.74937503
3415,65,658596.229992511,5211362.61099272
3417,14,659403.050623636,5211367.24938274
3420,17,657895.499031994,5211365.33764751
3421,39,658758.554701911,5211362.72381149
3422,15,658094.854809558,5211363.34944287
3423,79,658183.955006266,5211358.05332199
3426,59,660272.987220357,5211359.76644726
3427,63,658284.262332822,5211358.67014993
3430,36,658216.574835613,5211357.36064631
3431,27,660282.355765907,5211358.56433146
3432,18,658143.958405974,5211358.2495215
3435,9,658194.462104935,5211357.74952921
3436,33,658407.841369492,5211355.93137542
3441,9,659295.54274961,5211351.74962171
3443,30,658600.691857766,5211349.44965717
3445,19,659560.456889132,5211349.32860641
3446,32,660212.828682906,5211347.28094061
3449,72,658435.16028956,5211343.93029782
3451,22,659153.759637946,5211346.84060649
3452,12,659217.03699974,5211347.74968338
3453,9,659447.553883117,5211347.74968338
3454,216,658098.644901965,5211337.13873587
3462,16,658788.005576883,5211342.24976818
3463,25,660317.297584353,5211341.30978267
3464,52,658108.994306693,5211339.36519727
3466,71,658081.172117278,5211335.91887987
3467,160,658316.352282341,5211334.74988381
3470,12,659441.053407013,5211338.74982214
3472,9,659013.522094026,5211337.74983756
3475,77,658088.350437065,5211328.72400269
3482,374,657913.644746038,5211321.21265937
3487,19,659719.994889706,5211329.85522243
3490,422,657876.031199675,5211306.97780015
3492,27,659151.754440577,5211322.97228762
3494,19,658077.874618537,5211321.27640733
3499,9,658788.505613507,5211321.75008424
3500,9,658881.512425455,5211320.75009966
3503,34,659160.091652513,5211318.27954951
3504,15,659723.97412852,5211319.15012432
3505,33,658084.454047792,5211316.9319767
3506,15,659043.524291428,5211318.75013049
3509,12,657866.43808,5211316.25016903
3510,52,658105.705604286,5211313.7309771
3515,12,659497.057508831,5211315.75017674
3521,31,658743.082931847,5211313.91149541
3525,9,657894.440130909,5211310.75025383
3527,91,658101.850926359,5211305.53055409
3532,18,658752.169618874,5211307.91696418
3533,12,657860.43764052,5211307.25030779
3536,31,659006.134456171,5211306.29870956
3538,64,658073.187597622,5211298.8441874
3544,15,658113.456171948,5211299.75042342
3545,9,659151.532202078,5211300.750408
3548,20,658530.486715844,5211299.25043113
3549,12,657888.939728052,5211298.75043884
3552,26,658052.720954385,5211293.9812816
3553,1272,658821.724241454,5211275.12658922
3555,18,658332.805570736,5211293.58385183
3558,28,657852.615639054,5211293.14338243
3559,79,658112.810555042,5211290.16829268
3561,29,658762.055400394,5211291.78502899
3564,32,657880.939142078,5211289.84432615
3565,15,659016.922343065,5211291.35055293
3567,9,657857.437420779,5211287.75060843
3569,18,658892.513231169,5211287.25061614
3572,12,658048.951447532,5211283.7506701
3573,21,659696.572121558,5211281.607846
3574,234,658069.602532696,5211272.86622253
3579,9,659761.576882597,5211279.75073177
3582,21,659695.286313098,5211274.03653416
3584,32,658749.721522906,5211272.5945921
3591,9,658489.483712727,5211269.75088595
3594,9,658260.466939221,5211267.75091678
3598,115,658269.19801348,5211261.81187791
3601,15,658902.913992935,5211262.15100312
3602,12,659054.02506052,5211262.75099387
3603,9,659061.52560987,5211258.75105554
3604,12,658791.005796623,5211257.75107096
3605,9,658759.503489351,5211256.75108637
3608,405,658858.989788211,5211236.41312834
3610,21,659192.249469981,5211252.03687334
3611,62,658780.71472031,5211250.02538362
3612,9,658382.475875325,5211251.75116346
3616,42,659416.789725145,5211244.84650801
3621,9,658090.454487273,5211243.7512868
3623,43,658645.681199359,5211240.5187785
3624,18,658427.479171429,5211239.25135618
3626,15,659487.156783688,5211240.1513423
3628,23,658126.544087047,5211236.22966364
3630,252,658723.992952002,5211227.64439228
3635,41,658842.875449287,5211229.4832141
3638,9,659443.55359013,5211230.75148723
3641,31,658779.311391722,5211227.10638214
3643,108,659184.080882285,5211225.22379468
3644,9,659421.551978701,5211228.75151806
3646,9,659473.555787533,5211224.75157973
3649,24,658775.921358485,5211220.70997538
3651,18,659836.249018355,5211219.75165682
3653,12,659170.033557143,5211217.75168766
3654,21,659421.123375881,5211216.18028331
3655,12,659322.544727273,5211216.25171078
3656,3127,659470.794152584,5211180.70684787
3662,16,659346.046448571,5211213.25175704
3663,9,659433.552857662,5211213.75174933
3664,12,659316.544287792,5211210.25180329
3675,162,659415.446593263,5211199.59764656
3676,9,659430.552637922,5211207.75184183
3684,15,658697.098918753,5211205.35187883
3685,28,658707.49968052,5211205.25188037
3688,12,658007.448407792,5211203.25191121
3692,12,659315.044177922,5211202.75191892
3696,15,659438.153194597,5211201.15194359
3697,68,658895.395795233,5211198.41375051
3698,73,659492.954468593,5211197.99856755
3699,9,659832.582083117,5211200.75194975
3702,15,658950.117450182,5211198.35198676
3715,16,658509.985214286,5211190.25211164
3719,9,659025.522972987,5211188.75213476
3720,556,660259.881364721,5211163.85683514
3722,9,658940.516747013,5211186.7521656
3723,23,659414.116651519,5211185.3608827
3728,38,658295.074737102,5211182.80485803
3730,40,659404.575735338,5211180.97725463
3734,27,657933.924504281,5211174.15976715
3735,9,659317.544361039,5211175.75233519
3736,9,659410.551172987,5211174.75235061
3738,9,659429.552564675,5211172.75238144
3739,12,659772.077651688,5211171.75239686
3740,15,659037.523851948,5211170.75241228
3744,62,659068.768075802,5211165.25249707
3751,12,659431.552711169,5211162.25254333
3754,23,659386.375489283,5211159.75258187
3757,12,659132.030773766,5211157.75261271
3758,9,658313.470821299,5211156.75262812
3759,68,659588.608331788,5211153.56150085
3760,15,658306.070279273,5211155.35264971
3765,51,659451.534566825,5211148.61549868
3768,2866,659383.870572666,5211117.72008267
3775,9,659436.553077403,5211144.75281313
3777,163,660199.59055842,5211137.04127558
3778,12,658166.960090649,5211140.7528748
3780,16,658048.951447532,5211137.25292876
3788,12,658517.485763636,5211132.25300585
3790,2626,659862.029784462,5211100.12745394
3792,9,660106.602152727,5211129.7530444
3793,15,659869.184763948,5211127.3530814
3796,9,659167.533374026,5211124.75312148
3799,52,658995.366918162,5211118.48398737
3800,16,660189.108195585,5211119.25320628
3801,9,660195.608671688,5211119.75319857
3802,465,660042.358737773,5211095.37077879
3807,24,658899.013707273,5211114.75327566
3808,21,660180.03610256,5211115.32469542
3810,480,660148.253119969,5211095.94731561
3811,9,658185.461445714,5211113.75329108
3812,12,658840.009385714,5211113.75329107
3814,12,657938.94339039,5211112.75330649
3819,9,659909.587723117,5211112.75330649
3823,9,658548.488034286,5211108.75336816
3824,31,658869.350244357,5211107.75338358
3825,9,659697.572194805,5211108.75336816
3829,12,659682.571096104,5211107.25339129
3833,28,658055.95196026,5211104.75342983
3834,22,659823.490508147,5211105.66250673
3836,12,659817.580984415,5211104.25343754
3843,24,658300.469869091,5211093.37860521
3844,12,658601.491916363,5211094.25359172
3845,15,658596.49155013,5211092.75361484
3846,184,659823.815136666,5211079.87337864
3847,30,658118.256523532,5211087.85369039
3848,9,658590.491110649,5211090.75364568
3849,224,658805.591686343,5211077.01725032
3850,27,659688.127058586,5211090.53142688
3853,9,658364.474556883,5211085.75372276
3856,48,659682.487756667,5211080.64963479
3857,18,658062.452436364,5211082.25377673
3860,1404,657682.424602597,5211057.25416216
3861,12,658776.504734545,5211081.25379214
3865,24,659107.528979221,5211079.25382298
3868,9,659019.522533507,5211078.75383069
3870,38,658069.400313657,5211076.49070768
3873,66,659014.643388272,5211073.42057958
3877,344,658361.712726695,5211065.03601893
3880,9,659005.521508052,5211074.75389236
3881,21,659152.532275325,5211074.75389236
3882,15,659815.180808623,5211074.15390161
3884,14,659679.07083974,5211073.25391548
3886,9,658400.477193766,5211071.75393861
3888,19,660012.7005384,5211071.17500017
3892,24,660027.846384545,5211065.50403497
3899,116,658218.360407004,5211055.33177801
3900,26,658319.971297403,5211058.75413904
3907,9,660032.596732468,5211056.75416987
3908,9,658095.454853507,5211055.75418529
3911,18,658424.478951688,5211053.08755974
3912,36,660106.768831602,5211051.14314527
3917,9,658229.464668571,5211049.75427779
3918,76,657953.720788496,5211044.3990972
3919,368,658851.314561547,5211034.89581122
3922,9,659964.591751688,5211047.75430863
3924,45,658230.286951019,5211042.08772933
3926,9,660202.609184415,5211045.75433946
3928,30,658975.819332624,5211042.25439343
3929,932,660209.959508172,5211024.04008198
3930,3170,659889.301694753,5211011.80438971
3932,15,660117.602958442,5211039.75443197
3937,39,658981.3146069,5211033.80580573
3941,9,658370.474996364,5211032.75453989
3942,121,657889.076101676,5211024.9116856
3943,12,658139.458076364,5211031.25456302
3945,551,659246.749702256,5211016.92901256
3946,9,660100.601713247,5211031.75455531
3947,41,660108.065674552,5211030.07165443
3948,27,658382.142517576,5211029.75458614
3950,30,660116.836235619,5211029.62125486
3951,9,658086.454194286,5211029.75458614
3952,9,659018.52246026,5211029.75458614
3953,819,658366.626118617,5211003.55962981
3955,45,659642.901523983,5211023.95467556
3956,9,657961.445038442,5211024.75466323
3959,12,657945.943903117,5211022.75469407
3960,12,658993.020592468,5211022.75469407
3966,9,658322.471480519,5211018.75475574
3967,25,658334.55236534,5211016.9147841
3969,12,658987.52018961,5211018.25476344
3979,16,659612.065932208,5211016.25479428
3980,70,658160.916790887,5211011.98343156
3981,9,658328.47192,5211015.75480199
3986,9,657890.439837922,5211014.75481741
3989,12,658323.97159039,5211014.75481741
3992,12,659264.040442338,5211013.75483282
3994,9,660219.61042961,5211012.75484824
3995,9,658334.472359481,5211010.75487908
3996,17,658377.063714224,5211009.69607187
3998,58,659606.47931614,5211006.78942297
4001,25,658317.871143584,5211007.35493149
4002,12,658329.97202987,5211008.75490991
4003,18,658098.455073247,5211006.25494846
4004,15,660202.609184416,5211007.75492533
4006,25,658310.790624997,5211002.83500118
4010,28,657923.620839573,5210997.14794601
4011,54,658197.684563175,5210991.81072671
4014,9,658328.47192,5210994.75512576
4019,21,658212.74915859,5210991.32660719
4020,9,658220.464009351,5210992.75515659
4023,9,659584.563917922,5210991.75517201
4026,9,658207.463057143,5210990.75518742
4027,9,658251.46628,5210990.75518742
4028,29,659029.523265974,5210988.23798486
4030,20,658246.265899117,5210988.55522135
4031,9,658428.479244675,5210989.75520284
4032,9,658638.494626494,5210989.75520284
4034,15,659598.164914078,5210989.15521209
4035,15,658180.061050182,5210986.15525835
4036,12,658251.966316623,5210986.7552491
4037,92,659920.718973168,5210985.00527608
4040,36,658363.474483636,5210983.25530306
4041,9,658225.464375584,5210983.75529535
4045,12,659040.524071688,5210982.25531847
4050,423,659554.625554982,5210963.75323967
4051,125,658346.689254263,5210968.31553339
4052,9,659576.563331948,5210976.75540327
4053,27,659583.971281924,5210975.79245515
4054,22,659033.432643211,5210974.84634179
4055,45,659918.121681489,5210973.62211824
4056,9,658458.481442078,5210973.75544952
4064,9,658324.471627013,5210965.75557286
4068,9,659143.531616104,5210964.75558828
4069,29,659026.764443224,5210962.03149235
4071,111,658045.171891433,5210953.95395302
4073,12,659572.063002338,5210962.75561912
4074,9,658851.510228052,5210961.75563453
4075,15,657963.045155636,5210960.35565612
4076,31,658315.116103092,5210957.59440837
4077,5118,658326.234749503,5210915.02853158
4079,12,658521.986093247,5210957.7556962
4083,23,658307.861714828,5210953.79923546
4086,9,658256.466646234,5210953.75575787
4087,15,658292.869312415,5210953.35576404
4088,74,658539.190055992,5210950.174732
4092,36,658513.1521129,5210949.92248364
4096,18,658150.792239827,5210948.75583496
4097,77,658260.31108365,5210948.57401958
4106,9,658032.450238961,5210940.7559583
4111,64,658058.920927711,5210933.39669676
4113,22,658233.601335183,5210933.34698162
4116,35,658378.018405996,5210930.84182544
4120,15,659503.157955636,5210930.15612173
4121,29,658562.902883153,5210927.99753432
4124,14,658234.965071429,5210927.25616644
4125,9,658596.49155013,5210927.75615873
4126,12,658250.966243377,5210925.75618956
4127,9,658278.468257662,5210925.75618956
4131,44,659068.844327721,5210922.66532813
4136,71,658270.566270459,5210915.57324797
4138,21,658445.05188705,5210919.47057219
4140,9,658453.481075844,5210918.75629748
4147,526,658421.197342518,5210901.77366958
4148,24,659819.497791472,5210914.38136494
4151,9,658411.47799948,5210913.75637457
4156,9,658015.448993766,5210907.75646708
4157,14,658104.955549351,5210907.25647479
4158,52,658531.794503936,5210904.92958759
4159,25,658000.047865766,5210904.8365121
4160,15,658302.470015584,5210906.75648249
4161,9,657919.441962078,5210902.75654416
4162,19,658010.5538984,5210902.17760572
4163,9,658020.44936,5210902.75654417
4164,18,658033.950348831,5210901.25656729
4167,9,659818.581057662,5210901.75655958
4168,31,657932.830039414,5210900.30496906
4169,12,657982.946613247,5210900.756575
4171,9,658060.45228987,5210900.756575
4172,12,658235.465108052,5210900.25658271
4175,9,657977.44621039,5210899.75659042
4177,9,657953.444452467,5210898.75660583
4178,48,657967.257964188,5210896.96496679
4179,9,658018.449213506,5210898.75660584
4180,30,658026.71648568,5210896.65663821
4185,15,658033.450312208,5210894.7566675
4187,27,657982.409536873,5210893.31224533
4188,15,658250.466206753,5210894.7566675
4189,9,657956.444672208,5210893.75668292
4190,28,658299.612663451,5210892.25670605
4191,12,658474.982650649,5210893.75668292
4192,9,657937.443280519,5210891.75671376
4195,9,658543.487668052,5210890.75672917
4196,36,659804.496692771,5210887.34011518
4197,28,658261.752747681,5210886.97107325
4200,53,658105.946187944,5210883.94551343
4201,59,658352.660132256,5210885.94324406
4202,9,658345.473165195,5210884.75682168
4205,15,658555.488547013,5210882.75685252
4207,63,657914.870198664,5210876.56647177
4209,14,658323.97159039,5210881.25687564
4210,18,658123.956941039,5210879.25690648
4211,9,658256.466646234,5210880.75688335
4212,16,658537.987265195,5210880.25689106
4214,9,658354.473824415,5210879.75689877
4215,70,658491.983895844,5210876.62837557
4217,68,658505.602540351,5210876.28636404
4219,47,658022.151612335,5210874.73569959
4220,41,658262.320733532,5210874.97648466
4222,14,659925.088858441,5210876.25695273
4225,16,658562.989096364,5210875.25696815
4226,18,658584.990707792,5210874.75697585
4227,45809,659494.868553729,5210725.026197
4228,9,659931.589334545,5210875.75696044
4230,15,658697.098918753,5210874.35698202
4231,9,659919.588455584,5210874.75697585
4232,18,659389.882992554,5210872.75700669
4233,36,659795.107116176,5210872.78478404
4236,43,658092.384861214,5210868.66404654
4239,9,659705.572780779,5210870.75703752
4240,15,659902.187181091,5210870.15704677
4246,52,659694.995082977,5210867.43016574
4247,15,658270.467671688,5210866.75709919
4248,15,658261.867041766,5210865.15712386
4249,398,658007.574045135,5210851.35532661
4250,23,659684.571242597,5210863.75714545
4254,16,659366.047913506,5210862.25716857
4255,9,657994.447455584,5210861.75717628
4257,45,659675.703926476,5210860.00164779
4260,9,659886.586038442,5210858.75722253
4261,17,657982.034781757,5210856.69843075
4262,9,658294.46942961,5210857.75723795
4267,100,659937.19974546,5210854.09729438
4275,16,659880.085562338,5210853.25730733
4276,410,659930.240455264,5210840.04531591
4278,38,659745.654663801,5210850.75734588
4281,37,659346.330253141,5210850.16276045
4285,65,658672.789445986,5210844.71128524
4287,32,658015.699012078,5210847.75739213
4293,27,658219.426896354,5210843.60930793
4294,12,658315.971004416,5210844.75743838
4296,12,659747.07582052,5210843.7574538
4297,9,659301.543189091,5210842.75746921
4298,15,659732.174729143,5210842.35747538
4301,16,658595.991513506,5210841.25749234
4302,12,659331.04534987,5210841.75748463
4304,9,659256.539892987,5210840.75750005
4306,12,658303.970125454,5210839.75751547
4307,15,659323.54480052,5210839.75751547
4308,12,659625.066884416,5210838.75753088
4309,32,659704.978987289,5210836.69506268
4311,48,658007.677591245,5210834.71592653
4313,12,659610.065785714,5210837.7575463
4317,38,658309.57579918,5210833.83655412
4322,9,659315.544214546,5210835.75757714
4325,9,658299.469795844,5210834.75759255
4326,9,659598.564943377,5210834.75759255
4327,12,659855.583767792,5210834.25760026
4328,9,657978.446283636,5210833.75760797
4329,22,659593.06454052,5210832.39399263
4331,715,657932.235906117,5210819.61936441
4334,9,659602.565236364,5210829.75766964
4335,26,657978.792462837,5210827.56539575
4336,9,658170.460347013,5210828.75768506
4339,9,658282.468550649,5210827.75770048
4342,24,659578.563478441,5210826.2577236
4344,16,658298.969759221,5210823.75776215
4347,12,659919.588455584,5210823.25776986
4348,35,657988.904192445,5210820.67209543
4350,15,658218.463862857,5210822.75777756
4353,327,659842.350382659,5210817.97497668
4354,9,658228.464595325,5210821.75779298
4358,74,659573.887460288,5210816.47409066
4360,22,657973.355001653,5210817.98512388
4361,9,658272.467818182,5210818.75783923
4367,12,659900.087027273,5210815.75788549
4368,339,657990.349810335,5210804.49552225
4369,48,658196.462251429,5210811.27878788
4370,60,658253.03306142,5210812.49126918
4371,18,658207.963093766,5210812.25793945
4372,9,658321.471407273,5210813.75791632
4373,17,659649.568678961,5210812.75793174
4374,107,658075.02345054,5210805.94495267
4375,26,658093.723957502,5210810.29643123
4376,32,659556.06183039,5210810.75796257
4377,12,657970.445697662,5210809.2579857
4378,9,658242.465620779,5210809.75797799
4379,18,658385.976131688,5210808.25800112
4380,9,659896.586770909,5210809.75797799
4381,57,658197.760592135,5210804.24929099
4383,9,658185.461445714,5210807.75800883
4387,9,658938.51660052,5210807.75800883
4389,278,657751.174242233,5210795.18985727
4390,9,657962.445111688,5210806.75802424
4395,16,658175.460713247,5210805.25804737
4398,99,658227.474623828,5210796.54606048
4399,15,657967.845507221,5210803.35807666
4400,25,658210.103250514,5210801.99809763
4403,64,658943.438836031,5210799.71125789
4404,9,657761.430389091,5210800.75811675
4406,9,658378.475582338,5210800.75811675
4407,9,658082.453901299,5210799.75813217
4408,30,658372.175120883,5210799.15814142
4410,46,658014.666327747,5210796.30166372
4412,12,657972.945880779,5210797.758163
4416,9,658207.463057143,5210795.75819383
4417,35,658217.606657217,5210792.95823701
4419,59,658361.321783597,5210791.92774442
4420,24,659610.315804026,5210791.50825936
4422,27,658163.200556037,5210790.83234386
4423,21,657762.859065158,5210789.32972152
4425,22,657768.658191193,5210788.03104024
4426,31,658374.894674906,5210788.62927149
4427,36,658149.68104733,5210786.45278175
4428,9,658391.476534545,5210787.75831718
4430,65,658154.705346941,5210780.5430438
4431,15,658270.467671688,5210785.75834801
4434,12,659609.565749091,5210784.25837114
4436,58,658432.945089001,5210780.65497842
4439,31,659603.887913883,5210779.43586484
4440,1049,659859.598361159,5210755.3508092
4442,18,659597.56487013,5210779.25844822
4443,74,658695.579888578,5210776.04228159
4444,36,659747.714756205,5210777.64736195
4446,48,658180.294400606,5210775.86266725
4453,9,658169.460273766,5210772.75854844
4454,27,658196.795609177,5210770.75857927
4456,117,658131.884872119,5210765.87831264
4457,9,658337.472579221,5210771.75856386
4459,12,659735.574978182,5210771.25857157
4460,12,659607.565602597,5210770.25858698
4462,32,658594.147628458,5210767.03988661
4464,9,658203.462764156,5210767.75862553
4466,12,658573.489865454,5210766.25864865
4467,109,658584.224596635,5210761.70367301
4469,9,658260.466939221,5210765.75865636
4472,135,658615.100320469,5210760.43281254
4473,44,659713.68701144,5210761.96326033
4474,78,658108.160912321,5210760.77155376
4475,768,658256.845580237,5210751.08310137
4476,9,659839.582595844,5210763.7586872
4477,16,658326.471773506,5210762.25871032
4479,67,658598.13346143,5210759.98262601
4480,9,659600.56508987,5210762.75870261
4483,9,658321.471407273,5210760.75873345
4488,15,658706.099577974,5210757.35878587
4491,177,659830.401132421,5210748.60637844
4493,87,658333.759663603,5210753.16114944
4494,16,658478.482907013,5210755.25881824
4497,15,658484.483346493,5210754.75882595
4499,9,658497.484298701,5210753.75884137
4500,9,658188.461665455,5210752.75885679
4502,14,658501.984628312,5210752.2588645
4508,89,658324.449153457,5210742.17475031
4512,12,659770.577541818,5210743.25900325
4513,33,659796.700667233,5210742.18326226
4514,9,659329.54524,5210742.75901096
4517,38,659765.419269282,5210736.12753426
4518,9,658497.484298701,5210737.75908805
4519,9,658507.485031169,5210735.75911889
4520,9,658460.481588571,5210733.75914972
4523,4085,659728.999955613,5210676.63028755
4525,209,659811.403498475,5210719.05124251
4526,112,659693.259378928,5210723.42895185
4527,15,659748.57593039,5210725.75927306
4528,36,659795.746051861,5210718.84271303
4530,24,659301.168161624,5210716.88440989
4532,22,659258.449123731,5210715.85033493
4534,18,659274.20785368,5210714.75944265
4535,9,658167.460127273,5210714.75944265
4538,9,658185.461445714,5210712.75947349
4539,28,658317.542548089,5210711.15235541
4540,12,658324.971663637,5210711.75948891
4542,18,658151.625634199,5210710.42617613
4543,9,658310.470601559,5210710.75950432
4545,9,659802.579885714,5210707.75955057
4546,9,658290.469136623,5210706.75956599
4550,9,658298.469722598,5210697.75970475
4552,32,658677.40372625,5210694.60350341
4553,26,658768.773399061,5210696.41357166
4554,9,658791.505833247,5210696.75972017
4558,12,658125.457050909,5210691.25980496
4559,9,658130.457417143,5210691.75979725
4562,9,658354.473824415,5210690.75981267
4563,33,659785.124061771,5210689.18407939
4564,9,658116.456391688,5210689.75982809
4565,9,658349.473458182,5210689.75982809
4566,9,658358.474117403,5210689.75982809
4568,9,658660.496237922,5210688.75984351
4586,9,658449.480782857,5210664.76021353
4588,12,658232.964924935,5210663.76022894
4589,28,658362.974447013,5210662.76024436
4590,9,659268.540771948,5210661.76025978
4593,9,658230.464741818,5210657.76032145
4595,15,659232.538135065,5210657.76032145
4598,9,659239.538647792,5210656.76033687
4606,146,659229.599563675,5210646.13036377
4607,12,659233.038171688,5210651.76041395
4608,23,659194.404907352,5210649.93435515
4609,36,659209.53645039,5210648.26046792
4610,33,659186.534765714,5210646.36655772
4614,12,658731.501438441,5210644.26052959
4615,9,659191.535131948,5210643.76053729
4617,88,659175.818071718,5210638.22653171
4623,9,659186.534765714,5210639.76059896
4625,18,659236.038391429,5210638.26062209
4626,12,658164.959944156,5210637.7606298
4627,20,659193.435271117,5210635.81065986
4630,12,659688.071498961,5210635.76066063
4632,29,659708.57300052,5210631.7607223
4634,9,659160.532861299,5210631.7607223
4635,9,659152.532275325,5210630.76073772
4636,14,659168.033410649,5210630.26074543
4637,89,659177.792552389,5210625.61474964
4641,9,659159.532788052,5210627.76078397
4647,15,659216.136933818,5210622.16087031
4649,9,659162.533007792,5210620.7608919
4650,33,659145.713594097,5210616.30641512
4651,12,659172.033703636,5210616.76095357
4652,54,659705.591300654,5210613.40915339
4653,20,658490.083756675,5210614.4109898
4654,42,659155.675362672,5210613.38005331
4656,9,658495.484152208,5210613.76099982
4657,51,659186.201407965,5210612.07475131
4658,19,658169.039190294,5210611.65576912
4661,34,659160.150480351,5210608.61402035
4666,18,658174.46064,5210606.42777955
4668,12,659154.032385195,5210603.76115399
4670,9,659644.568312727,5210601.76118483
4672,15,659354.547071169,5210597.7612465
4676,75,659149.785407473,5210591.22801389
4678,42,659652.568898701,5210594.26130046
4680,48,659354.880428918,5210587.42807248
4681,25,659659.649417288,5210585.44143644
4683,14,659647.068495844,5210581.26150089
4686,12,659642.06812961,5210580.7615086
4688,135,659680.57094961,5210571.88016404
4689,9,659654.569045195,5210576.76157027
4690,15,659289.54231013,5210575.76158568
4692,29,658850.337728383,5210573.89954543
4693,67,659329.963181058,5210571.1198662
4694,12,659324.544873766,5210562.26179382
4695,240,659672.266174691,5210552.17861595
4696,12,659671.070253766,5210561.76180153
4697,9,659678.570803117,5210557.7618632
4698,653,657932.060037851,5210544.22761551
4699,41,659656.252095293,5210555.59116496
4700,9,658840.509422338,5210551.7619557
4701,308,658939.717987212,5210536.64205895
4703,1759,659356.493774293,5210527.15119245
4708,84,658260.193109641,5210532.51225249
4709,15,659688.571535585,5210535.76220238
4710,24,658840.884449805,5210533.88723129
4715,152,659086.816935926,5210524.01896238
4716,3521,659608.347540015,5210495.37344707
4723,111,659436.291797005,5210525.50109933
4725,30,659603.231951862,5210526.29568167
4727,325,658361.526648666,5210516.15942769
4729,20,659459.954791376,5210526.11235116
4730,20,659547.961237091,5210522.11241283
4731,47,659453.21387213,5210518.76246448
4734,37,659399.604425286,5210517.19492108
4735,12,659418.051722338,5210517.7624799
4736,67,659308.707892948,5210514.26999643
4737,9,659342.546192208,5210515.76251073
4739,135,659663.673415715,5210510.4588888
4740,27,659563.969816989,5210512.68848405
4741,20,659358.047327532,5210511.7625724
4742,15,659442.153487584,5210512.36256315
4743,14,659556.06183039,5210511.26258011
4745,69,659322.254850969,5210507.82060419
4748,27,659542.449722309,5210506.2071025
4749,15,658279.868360208,5210505.16267416
4750,23,659586.259694297,5210504.93659069
4751,12,659352.546924675,5210503.26270345
4752,4227,659441.774183721,5210446.06379823
4754,67,659582.80259489,5210494.98671165
4757,21,659518.273348423,5210496.04852896
4758,38,659568.273251087,5210495.10493449
4762,12,658291.969246494,5210492.76286533
4764,23,659427.639381073,5210488.02380797
4766,15,659408.150997195,5210487.16295167
4768,9,659440.55337039,5210483.76300409
4769,64068,658638.879105546,5210398.64825218
4771,48,658409.602862143,5210476.70061298
4772,23,658423.652804224,5210480.89348312
4777,12,659252.5396,5210481.26304264
4780,9,659545.561061299,5210480.76305034
4781,12,659204.036047532,5210479.76306576
4782,984,659239.010153799,5210456.96565301
4784,12,659437.553150649,5210478.26308889
4785,17,658793.50597974,5210476.76311202
4788,12,659423.052088571,5210476.76311202
4793,9,659266.540625455,5210472.76317368
4794,9,659415.551539221,5210472.76317368
4795,54,659467.703507052,5210469.72618347
4796,22,658808.143415443,5210469.26322765
4799,18,659340.712724589,5210469.42989174
4801,17,659428.49366359,5210465.17505538
4804,26,659437.668543716,5210461.1095072
4809,12,659619.066444935,5210457.76340495
4816,9,659551.561500779,5210451.76349745
4817,9,659054.525097143,5210449.76352829
4818,9,659555.561793766,5210449.76352829
4819,34,658792.800045684,5210445.67535602
4820,4531,659068.031272847,5210425.70254414
4823,9,658813.507444675,5210444.76360537
4825,9,659398.550294026,5210441.76365163
4830,65,658771.412053858,5210434.08684691
4831,12,658799.006382597,5210437.7637133
4834,75,659259.393435318,5210426.83054853
4836,35,659373.948492156,5210431.64952185
4837,15,658661.496311169,5210429.76383664
4839,20,659189.534985455,5210428.26385976
4845,37,659160.316629245,5210416.00729197
4848,239,659207.122047614,5210409.60096759
4849,29,659444.65711923,5210413.24684991
4850,58,658431.11736893,5210411.03998739
4852,12,658418.978548831,5210412.76409873
4854,12,659453.054285974,5210412.76409873
4856,188,658840.147693716,5210401.03023709
4857,24,659174.03385013,5210407.76417582
4858,12,659453.054285974,5210407.76417582
4860,9,658437.479903896,5210404.76422207
4861,39,658455.353007819,5210403.78987812
4862,18,658524.986312987,5210402.76425291
4865,17,658477.482833766,5210400.76428374
4866,9,658887.512864935,5210401.76426833
4867,12,658373.975252727,5210399.76429916
4868,30,658384.376014494,5210396.26435312
4869,34,658443.39210162,5210394.88202149
4872,99,658397.719416025,5210386.18875089
4873,12,658853.010337922,5210391.7644225
4874,9,658481.483126753,5210390.76443792
4876,3256,658283.241948818,5210350.99293808
4877,9,658424.478951688,5210387.76448417
4878,9,658840.509422338,5210387.76448417
4881,20,658849.460077896,5210385.81451424
4882,9,658550.488180779,5210385.76451501
4884,501,658387.086991492,5210368.31568223
4885,31,658422.543326049,5210381.60328884
4886,9,658609.492502338,5210382.76456126
4888,12,658881.012388831,5210382.76456126
4892,65,658418.909312991,5210372.1493403
4894,15,658374.875318649,5210371.36473702
4895,54,658354.992380914,5210363.85744536
4897,9,658340.472798961,5210363.76485419
4898,17,658345.414337357,5210363.35309583
4901,28813,658317.74115107,5210235.35261127
4905,14,658435.979794026,5210306.2657407
4906,745,658445.063009629,5210285.17948862
4912,9,658484.483346494,5210285.76605676
4915,19,658373.054132632,5210267.66107274
4916,25,658483.723290826,5210267.4463392
4918,57,658210.428186594,5210259.64365249
4919,2339,658464.558843159,5210236.37092263
4925,9,658559.48884,5210257.76648844
4928,15,658522.48612987,5210232.76687388
